ky_thi,mon,ma_ky,link_pdf,ghi_chu
R08上,理論,r8-1,https://www.shiken.or.jp/chief/upload/20260830_ch_third_q01.pdf,
R08上,電力,r8-1,https://www.shiken.or.jp/chief/upload/20260830_ch_third_q02.pdf,
R08上,機械,r8-1,https://www.shiken.or.jp/chief/upload/20260830_ch_third_q03.pdf,
R08上,法規,r8-1,https://www.shiken.or.jp/chief/upload/20260830_ch_third_q04.pdf,
R07下,理論,r7-2,https://www.shiken.or.jp/chief/upload/20260322_ch_third_q01.pdf,
R07下,電力,r7-2,https://www.shiken.or.jp/chief/upload/20260322_ch_third_q02.pdf,
R07下,機械,r7-2,https://www.shiken.or.jp/chief/upload/20260322_ch_third_q03.pdf,
R07下,法規,r7-2,https://www.shiken.or.jp/chief/upload/20260322_ch_third_q04.pdf,
R07上,理論,r7-1,https://www.shiken.or.jp/chief/upload/20250831_ch_third_q01.pdf,
R07上,電力,r7-1,https://www.shiken.or.jp/chief/upload/20250831_ch_third_q02.pdf,
R07上,機械,r7-1,https://www.shiken.or.jp/chief/upload/20250831_ch_third_q03.pdf,
R07上,法規,r7-1,https://www.shiken.or.jp/chief/upload/20250831_ch_third_q04.pdf,
R06下,理論,r6-2,https://www.shiken.or.jp/chief/upload/20250323_ch_third_q01.pdf,
R06下,電力,r6-2,https://www.shiken.or.jp/chief/upload/20250323_ch_third_q02.pdf,
R06下,機械,r6-2,https://www.shiken.or.jp/chief/upload/20250323_ch_third_q03.pdf,
R06下,法規,r6-2,https://www.shiken.or.jp/chief/upload/20250323_ch_third_q04.pdf,
R06上,理論,r6-1,https://www.shiken.or.jp/chief/upload/20240818_ch_third_q01.pdf,
R06上,電力,r6-1,https://www.shiken.or.jp/chief/upload/20240818_ch_third_q02.pdf,
R06上,機械,r6-1,https://www.shiken.or.jp/chief/upload/20240818_ch_third_q03.pdf,
R06上,法規,r6-1,https://www.shiken.or.jp/chief/upload/20240818_ch_third_q04.pdf,
R05下,理論,r5-2,https://www.shiken.or.jp/chief/upload/20240324_ch_third_q01.pdf,
R05下,電力,r5-2,https://www.shiken.or.jp/chief/upload/20240324_ch_third_q02.pdf,
R05下,機械,r5-2,https://www.shiken.or.jp/chief/upload/20240324_ch_third_q03.pdf,
R05下,法規,r5-2,https://www.shiken.or.jp/chief/upload/20240324_ch_third_q04.pdf,
R05上,理論,r5-1,https://www.shiken.or.jp/chief/upload/20230820_ch_third_q01.pdf,
R05上,電力,r5-1,https://www.shiken.or.jp/chief/upload/20230820_ch_third_q02.pdf,
R05上,機械,r5-1,https://www.shiken.or.jp/chief/upload/20230820_ch_third_q03.pdf,
R05上,法規,r5-1,https://www.shiken.or.jp/chief/upload/20230820_ch_third_q04.pdf,
R4下,理論,r4-2,https://www.shiken.or.jp/chief/upload/20230326_ch_third_q01.pdf,
R4下,電力,r4-2,https://www.shiken.or.jp/chief/upload/20230326_ch_third_q02.pdf,
R4下,機械,r4-2,https://www.shiken.or.jp/chief/upload/20230326_ch_third_q03.pdf,
R4下,法規,r4-2,https://www.shiken.or.jp/chief/upload/20230326_ch_third_q04.pdf,
R4上,理論,r4-1,https://www.shiken.or.jp/chief/upload/20220821_ch_third_q01.pdf,
R4上,電力,r4-1,https://www.shiken.or.jp/chief/upload/20220821_ch_third_q02.pdf,
R4上,機械,r4-1,https://www.shiken.or.jp/chief/upload/20220821_ch_third_q03.pdf,
R4上,法規,r4-1,https://www.shiken.or.jp/chief/upload/20220821_ch_third_q04.pdf,
R3,理論,r3,https://www.shiken.or.jp/chief/upload/20210822_ch_third_q01.pdf,
R3,電力,r3,https://www.shiken.or.jp/chief/upload/20210822_ch_third_q02.pdf,
R3,機械,r3,https://www.shiken.or.jp/chief/upload/20210822_ch_third_q03.pdf,
R3,法規,r3,https://www.shiken.or.jp/chief/upload/20210822_ch_third_q04.pdf,
R2,理論,r2,https://www.shiken.or.jp/chief/upload/20200913_ch_third_q01.pdf,
R2,電力,r2,https://www.shiken.or.jp/chief/upload/20200913_ch_third_q02.pdf,
R2,機械,r2,https://www.shiken.or.jp/chief/upload/20200913_ch_third_q03.pdf,
R2,法規,r2,https://www.shiken.or.jp/chief/upload/20200913_ch_third_q04.pdf,
R01,理論,r1,https://www.shiken.or.jp/chief/upload/20190901_ch_third_q01.pdf,
R01,電力,r1,https://www.shiken.or.jp/chief/upload/20190901_ch_third_q02.pdf,
R01,機械,r1,https://www.shiken.or.jp/chief/upload/20190901_ch_third_q03.pdf,
R01,法規,r1,https://www.shiken.or.jp/chief/upload/20190901_ch_third_q04.pdf,
H30,理論,h30,https://www.shiken.or.jp/chief/upload/20180902_ch_third_q01.pdf,
H30,電力,h30,https://www.shiken.or.jp/chief/upload/20180902_ch_third_q02.pdf,
H30,機械,h30,https://www.shiken.or.jp/chief/upload/20180902_ch_third_q03.pdf,
H30,法規,h30,https://www.shiken.or.jp/chief/upload/20180902_ch_third_q04.pdf,
H29,理論,h29,https://www.shiken.or.jp/chief/upload/20170903_ch_third_q01.pdf,
H29,電力,h29,https://www.shiken.or.jp/chief/upload/20170903_ch_third_q02.pdf,
H29,機械,h29,https://www.shiken.or.jp/chief/upload/20170903_ch_third_q03.pdf,
H29,法規,h29,https://www.shiken.or.jp/chief/upload/20170903_ch_third_q04.pdf,
H28,理論,h28,https://www.shiken.or.jp/chief/upload/20160904_ch_third_q01.pdf,
H28,電力,h28,https://www.shiken.or.jp/chief/upload/20160904_ch_third_q02.pdf,
H28,機械,h28,https://www.shiken.or.jp/chief/upload/20160904_ch_third_q03.pdf,
H28,法規,h28,https://www.shiken.or.jp/chief/upload/20160904_ch_third_q04.pdf,
H27,理論,h27,https://www.shiken.or.jp/chief/upload/20150906_ch_third_q01.pdf,
H27,電力,h27,https://www.shiken.or.jp/chief/upload/20150906_ch_third_q02.pdf,
H27,機械,h27,https://www.shiken.or.jp/chief/upload/20150906_ch_third_q03.pdf,
H27,法規,h27,https://www.shiken.or.jp/chief/upload/20150906_ch_third_q04.pdf,
H26,理論,h26,https://www.shiken.or.jp/chief/upload/20140907_ch_third_q01.pdf,
H26,電力,h26,https://www.shiken.or.jp/chief/upload/20140907_ch_third_q02.pdf,
H26,機械,h26,https://www.shiken.or.jp/chief/upload/20140907_ch_third_q03.pdf,
H26,法規,h26,https://www.shiken.or.jp/chief/upload/20140907_ch_third_q04.pdf,
H25,理論,h25,https://www.shiken.or.jp/chief/upload/20130901_ch_third_q01.pdf,
H25,電力,h25,https://www.shiken.or.jp/chief/upload/20130901_ch_third_q02.pdf,
H25,機械,h25,https://www.shiken.or.jp/chief/upload/20130901_ch_third_q03.pdf,
H25,法規,h25,https://www.shiken.or.jp/chief/upload/20130901_ch_third_q04.pdf,
H24,理論,h24,https://www.shiken.or.jp/chief/upload/20120909_ch_third_q01.pdf,
H24,電力,h24,https://www.shiken.or.jp/chief/upload/20120909_ch_third_q02.pdf,
H24,機械,h24,https://www.shiken.or.jp/chief/upload/20120909_ch_third_q03.pdf,
H24,法規,h24,https://www.shiken.or.jp/chief/upload/20120909_ch_third_q04.pdf,
H23,理論,h23,https://www.shiken.or.jp/chief/upload/20110904_ch_third_q01.pdf,
H23,電力,h23,https://www.shiken.or.jp/chief/upload/20110904_ch_third_q02.pdf,
H23,機械,h23,https://www.shiken.or.jp/chief/upload/20110904_ch_third_q03.pdf,
H23,法規,h23,https://www.shiken.or.jp/chief/upload/20110904_ch_third_q04.pdf,
H22,理論,h22,https://www.shiken.or.jp/chief/upload/20100905_ch_third_q01.pdf,
H22,電力,h22,https://www.shiken.or.jp/chief/upload/20100905_ch_third_q02.pdf,
H22,機械,h22,https://www.shiken.or.jp/chief/upload/20100905_ch_third_q03.pdf,
H22,法規,h22,https://www.shiken.or.jp/chief/upload/20100905_ch_third_q04.pdf,
H21,理論,h21,https://www.shiken.or.jp/chief/upload/20090906_ch_third_q01.pdf,
H21,電力,h21,https://www.shiken.or.jp/chief/upload/20090906_ch_third_q02.pdf,
H21,機械,h21,https://www.shiken.or.jp/chief/upload/20090906_ch_third_q03.pdf,
H21,法規,h21,https://www.shiken.or.jp/chief/upload/20090906_ch_third_q04.pdf,
H20,理論,h20,,
H20,電力,h20,,
H20,機械,h20,,
H20,法規,h20,,
H19,理論,h19,,
H19,電力,h19,,
H19,機械,h19,,
H19,法規,h19,,
H18,理論,h18,,
H18,電力,h18,,
H18,機械,h18,,
H18,法規,h18,,
