id,ky_thi,mon,cau,ten_bai,dap_an
riron:rironr7-2-1,R07下,riron,問1,誘電体挿入量を変化させたコンデンサの静電容量の比に関する計算問題,
riron:rironr7-2-2,R07下,riron,問2,電荷に加わる力からの未知の電荷量の導出に関する計算問題,
riron:rironr7-2-17,R07下,riron,問17,誘電体を挿入した平行平板コンデンサの特性に関する計算問題,
riron:rironr7-1-1,R07上,riron,問1,２つのコンデンサに蓄えられる静電エネルギーに関する計算問題,
riron:rironr7-1-2,R07上,riron,問2,絶縁体の液体で満たしたときの球状導体の特性の変化に関する論説問題,
riron:rironr7-1-17,R07上,riron,問17,導体球間に加わる力及び力が釣り合う位置の導出に関する計算問題,
riron:rironr6-2-1,R06下,riron,問1,２種類の誘電体を挿入したコンデンサに蓄えられる電荷に関する計算問題,
riron:rironr6-2-2,R06下,riron,問2,地球を導体球と見なしたときの静電容量に関する計算問題,
riron:rironr6-2-17,R06下,riron,問17,電極間隔を変化させたときのコンデンサの特性に関する計算問題,
riron:rironr6-1-1,R06上,riron,問1,誘電体を挿入した平行平板コンデンサ内の等電位線の分布に関する計算問題,
riron:rironr6-1-2,R06上,riron,問2,空気中の導体球に帯電できる電荷量に関する計算問題,
riron:rironr5-2-1,R05下,riron,問1,平行平板コンデンサの特性に関する論説問題,
riron:rironr5-2-2,R05下,riron,問2,帯電した導体球に働く力に関する計算問題,
riron:rironr5-1-1,R05上,riron,問1,平行平板コンデンサの電界、電束密度、電荷に関する計算問題,
riron:rironr5-1-2,R05上,riron,問2,静電界における電気力線の特徴に関する論説問題,
riron:rironr5-1-17,R05上,riron,問17,誘電体を挿入した平行平板コンデンサの特性に関する計算問題,
riron:rironr4-2-1,R4下,riron,問1,電気力線の特徴からの電気量の導出に関する計算問題,
riron:rironr4-2-2,R4下,riron,問2,平行平板コンデンサ内の電気力線の特徴と導体球の電位に関する計算問題,
riron:rironr4-2-17,R4下,riron,問17,導体球間に加わる力及び力が釣り合う位置の導出に関する計算問題,
riron:rironr4-1-1,R4上,riron,問1,平行板コンデンサの特性と各パラメータの関係に関する論説問題,
riron:rironr4-1-2,R4上,riron,問2,クーロンの法則による点電荷に加わる力の導出に関する計算問題,
riron:rironr4-1-10,R4上,riron,問10,コンデンサに蓄えられる静電エネルギーの変化に関する計算問題,
riron:rironr4-1-17,R4上,riron,問17,誘電率の異なるコンデンサの直列接続に関する計算問題,
riron:rironr3-1,R3,riron,問1,平行板コンデンサにおける電気力線と電束の性質に関する計算問題,
riron:rironr3-2,R3,riron,問2,絶縁体の液体で満たしたときの小球間に働く静電力に関する論説問題,
riron:rironr3-17,R3,riron,問17,誘電体を挿入した平行平板コンデンサの特性に関する計算問題,
riron:rironr2-1,R2,riron,問1,点電荷に加わるエネルギーによる電位の変化に関する計算問題,
riron:rironr2-2,R2,riron,問2,十分に長い導体円柱の電気力線の様子に関する論説問題,
riron:rironr2-17,R2,riron,問17,平行平板コンデンサの電界の強さ及び絶縁破壊電圧に関する計算問題,
riron:rironr1-1,R01,riron,問1,点電荷がつくる電位差の導出に関する計算問題,
riron:rironr1-2,R01,riron,問2,平行平板コンデンサの電界に関する計算問題,
riron:rironr1-15,R01,riron,問15,静電界における電気力線及び仕事量に関する計算問題,
riron:rironh30-1,H30,riron,問1,帯電した導体球に働く力に関する計算問題,
riron:rironh30-2,H30,riron,問2,平行板コンデンサの電界に関する空欄穴埋問題,
riron:rironh30-17,H30,riron,問17,平行平板コンデンサの誘電体挿入に関する計算問題,
riron:rironh29-1,H29,riron,問1,電気力線の特徴及び考え方に関する論説問題,
riron:rironh29-2,H29,riron,問2,平行平板コンデンサの静電エネルギーに関する計算問題,
riron:rironh28-1,H28,riron,問1,点電荷による等電位線を表す図に関する計算問題,
riron:rironh28-2,H28,riron,問2,平行平板コンデンサに関する論説問題,
riron:rironh28-17,H28,riron,問17,平行平板コンデンサに関する計算問題,
riron:rironh27-1,H27,riron,問1,平行平板コンデンサの公式に関する論説問題,
riron:rironh27-2,H27,riron,問2,平行平板コンデンサの静電エネルギーに関する計算問題,
riron:rironh26-1,H26,riron,問1,平行平板コンデンサの導体挿入に関する計算問題,
riron:rironh26-2,H26,riron,問2,真空中における静電気の性質に関する空欄穴埋問題,
riron:rironh26-17,H26,riron,問17,真空中の電荷に働く力に関する計算問題,
riron:rironh25-1,H25,riron,問1,平行平板コンデンサの特性に関する論説問題,
riron:rironh25-2,H25,riron,問2,点電荷に働くクーロンの法則に関する計算問題,
riron:rironh25-17,H25,riron,問17,空気中の電荷を帯びた金属球に関する計算問題,
riron:rironh24-1,H24,riron,問1,コンデンサの端子電圧に関する計算問題,
riron:rironh24-2,H24,riron,問2,平行平板コンデンサの誘電体挿入前後の特性に関する論説問題,
riron:rironh24-15,H24,riron,問15,平行平板コンデンサに蓄えられる電荷と電界の強さに関する計算問題,
riron:rironh23-1,H23,riron,問1,静電界における電気力線や電界、電荷に関する論説問題,
riron:rironh23-2,H23,riron,問2,平行平板コンデンサの静電容量と静電エネルギーに関する計算問題,
riron:rironh22-1,H22,riron,問1,正負の点電荷を置いたとき，電位が零となる点の特定に関する計算問題,
riron:rironh22-2,H22,riron,問2,平行平板コンデンサに誘電体を挿入したときの特性に関する計算問題,
riron:rironh22-17,H22,riron,問17,正三角形上に置かれた点電荷に働く力に関する計算問題,
riron:rironh21-1,H21,riron,問1,平行平板コンデンサの電界、電束密度、電荷に関する計算問題,
riron:rironh21-2,H21,riron,問2,静電界における力の大きさや電界の特性に関する論説問題,
riron:rironh21-5,H21,riron,問5,コンデンサに蓄えられる静電エネルギーの違いに関する計算問題,
riron:rironh21-17,H21,riron,問17,平行平板電極内の電界分布と電圧に関する計算問題,
riron:rironh20-1,H20,riron,問1,正三角形上に配置された複数の点電荷による合成電界に関する計算問題,
riron:rironh20-2,H20,riron,問2,平行板コンデンサに蓄えられるエネルギーに関する空欄穴埋問題,
riron:rironh20-17,H20,riron,問17,導体球間に加わる力及び力が釣り合う位置の導出に関する計算問題,
riron:rironh19-4,H19,riron,問4,直列，並列接続されたコンデンサの静電エネルギーの比較に関する計算問題,
riron:rironh18-1,H18,riron,問1,非常に大きな導体球の静電容量に関する計算問題,
riron:rironh18-2,H18,riron,問2,誘電体を挿入した平行平板コンデンサ内の等電位線の分布に関する計算問題,
riron:rironh18-17,H18,riron,問17,多数の金属板を並べたコンデンサに関する計算問題,
riron:rironr7-2-3,R07下,riron,問3,電流変化による磁束の大きさからの自己インダクタンスの導出に関する計算問題,
riron:rironr7-2-4,R07下,riron,問4,扇形導線が作る磁界の大きさに関する計算問題,
riron:rironr7-1-3,R07上,riron,問3,環状鉄心に巻くコイルの自己インダクタンスと巻数の関係に関する計算問題,
riron:rironr7-1-4,R07上,riron,問4,直線状導体と円形コイルが作る磁界の比較に関する計算問題,
riron:rironr7-1-14,R07上,riron,問14,電気及び磁気に関する量とその単位記号の組合せに関する計算問題,
riron:rironr6-2-3,R06下,riron,問3,コイルの鎖交磁束が変化したときに発生する起電力に関する計算問題,
riron:rironr6-2-4,R06下,riron,問4,電流を流した平行導体間に加わる力の方向に関する論説問題,
riron:rironr6-2-14,R06下,riron,問14,SI組立単位と基本単位の関係に関する論説問題,
riron:rironr6-1-3,R06上,riron,問3,磁気に関する量とその単位記号の組合せに関する計算問題,
riron:rironr6-1-4,R06上,riron,問4,平行導体間の合成磁界が零となる条件に関する計算問題,
riron:rironr5-2-3,R05下,riron,問3,強磁性体が磁束に与える影響に関する空欄穴埋問題,
riron:rironr5-2-4,R05下,riron,問4,直線状導体に流れる電流によりループ状導体に働く力に関する計算問題,
riron:rironr5-2-14,R05下,riron,問14,SI組立単位と基本単位の関係に関する論説問題,
riron:rironr5-1-3,R05上,riron,問3,磁気回路における磁気抵抗に関する論説問題,
riron:rironr5-1-4,R05上,riron,問4,電流により発生する磁界及び磁束に関する論説問題,
riron:rironr5-1-10,R05上,riron,問10,コイルを接続した回路に現れる電圧の最大値に関する計算問題,
riron:rironr4-2-3,R4下,riron,問3,直線状導体の周りに生じる磁界の特徴に関する空欄穴埋問題,
riron:rironr4-2-4,R4下,riron,問4,同一方向に電流を流した３本の平行直線導体に加わる力に関する計算問題,
riron:rironr4-1-3,R4上,riron,問3,コイルの自己インダクタンスと相互インダクタンスの関係に関する計算問題,
riron:rironr4-1-4,R4上,riron,問4,一様磁界中を動く直線導体に生じる誘導起電力に関する計算問題,
riron:rironr3-3,R3,riron,問3,強磁性体が磁束に与える影響に関する空欄穴埋問題,
riron:rironr3-4,R3,riron,問4,コイルと磁石を用いた電磁誘導に関する計算問題,
riron:rironr2-3,R2,riron,問3,磁界が電流ループに及ぼす電磁力に関する計算問題,
riron:rironr2-4,R2,riron,問4,磁力線の向きや本数の特徴に関する論説問題,
riron:rironr1-3,R01,riron,問3,ヒステリシスループに関する空欄穴埋問題,
riron:rironr1-4,R01,riron,問4,環状ソレノイド内の磁界に関する計算問題,
riron:rironh30-3,H30,riron,問3,点磁荷のクーロン法則に関する計算問題,
riron:rironh30-4,H30,riron,問4,円形導体ループ電流による磁界の強さに関する論説問題,
riron:rironh30-14,H30,riron,問14,SI組立単位と基本単位に関する論説問題,
riron:rironh29-3,H29,riron,問3,合成インダクタンスに関する計算問題,
riron:rironh29-4,H29,riron,問4,磁性体の磁化曲線に関する空欄穴埋問題,
riron:rironh29-17,H29,riron,問17,エアギャップを含む磁気回路に関する計算問題,
riron:rironh28-3,H28,riron,問3,ビオ・サバールの法則に関する計算問題,
riron:rironh28-4,H28,riron,問4,中空鉄心中の磁束に関する空欄穴埋問題,
riron:rironh28-8,H28,riron,問8,電気に関する各法則の説明に関する論説問題,
riron:rironh27-3,H27,riron,問3,強磁性体の初期磁化特性に関する計算問題,
riron:rironh27-5,H27,riron,問5,三角形ループの移動による誘導起電力に関する計算問題,
riron:rironh26-3,H26,riron,問3,環状鉄心に絶縁電線を巻いて作った磁気回路に関する論説問題,
riron:rironh26-4,H26,riron,問4,アンペアの周回積分の法則に関する計算問題,
riron:rironh25-3,H25,riron,問3,磁界及び磁束における法則や公式に関する論説問題,
riron:rironh25-4,H25,riron,問4,ループ状導体に働く力に関する計算問題,
riron:rironh24-3,H24,riron,問3,コイルのインダクタンスに関する空欄穴埋問題,
riron:rironh24-4,H24,riron,問4,平行直線状導体にかかる力の大きさに関する計算問題,
riron:rironh23-3,H23,riron,問3,磁界中に置かれた導体に働く電磁力に関する計算問題,
riron:rironh23-4,H23,riron,問4,正方形のコイルと円形コイルの比較に関する計算問題,
riron:rironh23-14,H23,riron,問14,電気及び磁気に関係する量と単位記号に関する計算問題,
riron:rironh22-3,H22,riron,問3,一様磁界中で導体棒を動かした場合の誘導電流の導出に関する計算問題,
riron:rironh22-4,H22,riron,問4,共に電流を流した平行導体間に加わる力の方向に関する論説問題,
riron:rironh21-3,H21,riron,問3,コイルの磁束鎖交数とコイルに蓄えられる磁気エネルギーに関する計算問題,
riron:rironh21-4,H21,riron,問4,扇形導線が作る磁界の大きさに関する計算問題,
riron:rironh20-3,H20,riron,問3,環状ソレノイドの起磁力と鉄心中の磁束に関する計算問題,
riron:rironh20-4,H20,riron,問4,環状鉄心に巻くコイルの自己インダクタンスと巻数の関係に関する計算問題,
riron:rironh19-1,H19,riron,問1,直線状導体と円形コイルが作る磁界の比較に関する計算問題,
riron:rironh19-2,H19,riron,問2,磁界中に物体を置いたときに現れる現象に関する空欄穴埋問題,
riron:rironh18-3,H18,riron,問3,強磁性体の磁化現象に関する空欄穴埋問題,
riron:rironh18-4,H18,riron,問4,コイルの自己インダクタンスの導出に関する計算問題,
riron:rironr7-2-5,R07下,riron,問5,直並列回路の各抵抗で消費される電力の比較に関する計算問題,
riron:rironr7-2-6,R07下,riron,問6,内部抵抗を含む電池の起電力の導出に関する計算問題,
riron:rironr7-2-7,R07下,riron,問7,直流回路に流れる電流の条件からの抵抗値の導出に関する計算問題,
riron:rironr7-2-16,R07下,riron,問16,回路を繋ぎ変えた直流回路の抵抗値と電流値に関する計算問題,
riron:rironr7-1-5,R07上,riron,問5,RLC回路において抵抗で消費されるエネルギーに関する計算問題,
riron:rironr7-1-6,R07上,riron,問6,直流回路の抵抗を繋ぎ変えた際の電流値に関する計算問題,
riron:rironr7-1-7,R07上,riron,問7,直流回路の電流変化からの未知抵抗値の導出に関する計算問題,
riron:rironr6-2-6,R06下,riron,問6,直流電源と抵抗を直並列させた回路の抵抗に流れる電流に関する計算問題,
riron:rironr6-2-7,R06下,riron,問7,既知の抵抗と合成抵抗値からの未知の抵抗の抵抗値の導出に関する計算問題,
riron:rironr6-1-5,R06上,riron,問5,２つの電源から構成される回路の抵抗で消費される電力に関する計算問題,
riron:rironr6-1-6,R06上,riron,問6,３つの電源と抵抗を直並列した回路に関する計算問題,
riron:rironr6-1-7,R06上,riron,問7,抵抗から発生するジュール熱が最大となる条件に関する計算問題,
riron:rironr6-1-17,R06上,riron,問17,直並列されたコンデンサの合成静電容量に関する計算問題,
riron:rironr5-2-5,R05下,riron,問5,直流回路において未知の抵抗で消費される電力に関する計算問題,
riron:rironr5-2-6,R05下,riron,問6,直流回路における抵抗に加わる端子電圧に関する計算問題,
riron:rironr5-2-7,R05下,riron,問7,スイッチ切換時の電流値からの未知の抵抗値の導出に関する計算問題,
riron:rironr5-2-17,R05下,riron,問17,直並列されたコンデンサの合成静電容量に関する計算問題,
riron:rironr5-1-5,R05上,riron,問5,２つの電源から構成される回路の抵抗で消費される電力に関する計算問題,
riron:rironr5-1-6,R05上,riron,問6,電圧源と電流源を含む回路の抵抗に流れる電流に関する計算問題,
riron:rironr5-1-7,R05上,riron,問7,温度により抵抗値が変化する抵抗を含む回路に関する計算問題,
riron:rironr4-2-5,R4下,riron,問5,直流回路の端子電圧からの電源電圧の導出に関する計算問題,
riron:rironr4-2-6,R4下,riron,問6,コンデンサの直列回路と並列回路の比較に関する論説問題,
riron:rironr4-2-7,R4下,riron,問7,抵抗温度係数からの抵抗値の変化率の導出に関する計算問題,
riron:rironr4-1-5,R4上,riron,問5,直並列の直流回路における電流値の導出に関する計算問題,
riron:rironr4-1-6,R4上,riron,問6,直並列したコンデンサの電荷の動きに関する計算問題,
riron:rironr4-1-7,R4上,riron,問7,合成抵抗値からの未知の抵抗の導出に関する計算問題,
riron:rironr3-6,R3,riron,問6,直流安定化電源を利用した制御に関する計算問題,
riron:rironr3-7,R3,riron,問7,可変抵抗で消費される最大電力に関する計算問題,
riron:rironr2-5,R2,riron,問5,断面積と材質の異なる電線の抵抗の大きさの比較に関する計算問題,
riron:rironr2-6,R2,riron,問6,抵抗で消費される電力に関する計算問題,
riron:rironr2-7,R2,riron,問7,ブリッジ回路に流れる電流に関する計算問題,
riron:rironr1-5,R01,riron,問5,直流回路の電位計算に関する計算問題,
riron:rironr1-6,R01,riron,問6,直流回路の抵抗で消費される電力に関する計算問題,
riron:rironh30-5,H30,riron,問5,抵抗器の許容電力に関する計算問題,
riron:rironh30-7,H30,riron,問7,重ね合わせの理を用いた抵抗値の算出に関する計算問題,
riron:rironh29-5,H29,riron,問5,直流と４個の抵抗からなる回路に関する計算問題,
riron:rironh29-6,H29,riron,問6,直流回路の定常状態に関する計算問題,
riron:rironh29-7,H29,riron,問7,直流回路の消費電力量に関する空欄穴埋問題,
riron:rironh28-5,H28,riron,問5,電池を並列接続した回路における抵抗での消費電力に関する計算問題,
riron:rironh28-6,H28,riron,問6,直並列回路の電流比に関する計算問題,
riron:rironh28-7,H28,riron,問7,直列接続したコンデンサにかけることができる最大電圧に関する計算問題,
riron:rironh27-4,H27,riron,問4,直流回路の回路計算に関する計算問題,
riron:rironh27-6,H27,riron,問6,直流回路の平衡条件に関する計算問題,
riron:rironh27-16,H27,riron,問16,合成静電容量の導出に関する計算問題,
riron:rironh26-5,H26,riron,問5,コンデンサの回路計算に関する計算問題,
riron:rironh26-6,H26,riron,問6,直流回路の回路計算に関する計算問題,
riron:rironh26-7,H26,riron,問7,直流回路の消費電力に関する計算問題,
riron:rironh26-18,H26,riron,問18,スイッチング回路に関する論説・計算問題,
riron:rironh25-5,H25,riron,問5,キルヒホッフの法則に関する計算問題,
riron:rironh25-6,H25,riron,問6,抵抗で消費される電力の導出に関する計算問題,
riron:rironh25-8,H25,riron,問8,複雑な直並列回路に関する計算問題,
riron:rironh24-5,H24,riron,問5,電圧源と電流源の等価変換に関する計算問題,
riron:rironh24-6,H24,riron,問6,回路に流れる電流の導出に関する計算問題,
riron:rironh23-5,H23,riron,問5,抵抗温度係数の変化率の導出に関する計算問題,
riron:rironh23-6,H23,riron,問6,分圧の法則を用いた直流回路の電位の導出に関する計算問題,
riron:rironh23-7,H23,riron,問7,直流回路の抵抗に流れる電流に関する計算問題,
riron:rironh22-5,H22,riron,問5,直流回路の抵抗での消費電力からの未知抵抗の導出に関する計算問題,
riron:rironh22-6,H22,riron,問6,抵抗を繋ぎ変えた場合の直流回路の電流値に関する計算問題,
riron:rironh21-5~2,H21,riron,問5,コンデンサに蓄えられる静電エネルギーの違いに関する計算問題,
riron:rironh21-6,H21,riron,問6,直並列した回路の電流値から抵抗値を求める計算問題,
riron:rironh20-5,H20,riron,問5,直並列したコンデンサの電荷の動きに関する計算問題,
riron:rironh20-6,H20,riron,問6,スイッチ切換時の電流値からの未知の抵抗値の導出に関する計算問題,
riron:rironh20-7,H20,riron,問7,直流電源と抵抗を直並列させた回路の各抵抗に流れる電流に関する計算問題,
riron:rironh19-6,H19,riron,問6,ブリッジ回路の平衡条件と電流計を活用した抵抗値の導出に関する計算問題,
riron:rironh19-7,H19,riron,問7,RLC回路において抵抗で消費されるエネルギーに関する計算問題,
riron:rironh18-5,H18,riron,問5,内部抵抗を含む電池の起電力の導出に関する計算問題,
riron:rironh18-6,H18,riron,問6,既知の抵抗と電流値からの未知の抵抗の抵抗値の導出に関する計算問題,
riron:rironr7-2-8,R07下,riron,問8,交流回路の周波数を変化させたときの電流比に関する計算問題,
riron:rironr7-2-9,R07下,riron,問9,回路の電流値変化からの未知の抵抗値の導出に関する計算問題,
riron:rironr7-1-8,R07上,riron,問8,電流の瞬時値を用いたある値に到達する時刻の導出に関する計算問題,
riron:rironr7-1-9,R07上,riron,問9,交流回路の負荷接続による電流変化からの抵抗値の導出に関する計算問題,
riron:rironr6-2-8,R06下,riron,問8,位相と波高値が異なる電源の合成電圧に関する計算問題,
riron:rironr6-2-9,R06下,riron,問9,周波数が変化したときにRC回路に流れる電流に関する計算問題,
riron:rironr6-1-8,R06上,riron,問8,接続が異なるLC回路における共振周波数の大小関係に関する計算問題,
riron:rironr6-1-9,R06上,riron,問9,高調波を含むひずみ波交流の電力に関する計算問題,
riron:rironr6-1-13,R06上,riron,問13,LC並列回路における等価抵抗の値の導出に関する計算問題,
riron:rironr6-1-15,R06上,riron,問15,回路に接続されている素子と蓄えられるエネルギーに関する計算問題,
riron:rironr5-2-8,R05下,riron,問8,RLC直列回路の共振周波数に関する計算問題,
riron:rironr5-2-9,R05下,riron,問9,高調波を含むひずみ波交流による電力に関する計算問題,
riron:rironr5-1-8,R05上,riron,問8,RLC直列共振回路の特徴に関する空欄穴埋問題,
riron:rironr5-1-9,R05上,riron,問9,抵抗と誘導性リアクタンスが接続された交流回路の力率に関する計算問題,
riron:rironr4-2-8,R4下,riron,問8,交流における波形率，波高率に関する空欄穴埋問題,
riron:rironr4-2-9,R4下,riron,問9,容量性リアクタンスを含む交流回路の消費電力に関する計算問題,
riron:rironr4-1-8,R4上,riron,問8,インダクタンス接続前後の交流電力の変化に関する計算問題,
riron:rironr4-1-9,R4上,riron,問9,直列共振回路におけるコイルと抵抗の電圧の比に関する計算問題,
riron:rironr3-8,R3,riron,問8,正弦波交流回路の瞬時値に関する計算問題,
riron:rironr3-9,R3,riron,問9,RLCの直列及び並列共振回路の特徴に関する論説問題,
riron:rironr2-8,R2,riron,問8,交流回路に流れる電流からの抵抗値の導出に関する計算問題,
riron:rironr2-9,R2,riron,問9,交流回路における電流と電圧の関係に関する論説問題,
riron:rironr1-8,R01,riron,問8,直流と交流の組合せ回路の電流値の導出に関する計算問題,
riron:rironr1-9,R01,riron,問9,RLC並列回路の角周波数変化に対する電流値の変動に関する計算問題,
riron:rironh30-8,H30,riron,問8,交流回路の位相差の導出に関する計算問題,
riron:rironh30-9,H30,riron,問9,交流回路の共振現象に関する計算問題,
riron:rironh30-13,H30,riron,問13,ダイオードによるクリッパ回路の出力波形に関する論説問題,
riron:rironh29-8,H29,riron,問8,交流回路の回路計算に関する計算問題,
riron:rironh29-9,H29,riron,問9,ひずみ波交流電流の消費電力に関する計算問題,
riron:rironh29-15,H29,riron,問15,ホイーストンブリッジに関する計算問題,
riron:rironh28-8~2,H28,riron,問8,電気に関する各法則の説明に関する論説問題,
riron:rironh28-9,H28,riron,問9,RLC直並列回路の共振周波数に関する計算問題,
riron:rironh27-7,H27,riron,問7,直流回路のインピーダンスに関する論説問題,
riron:rironh27-8,H27,riron,問8,交流回路の有効電力に関する計算問題,
riron:rironh27-9,H27,riron,問9,交流回路におけるコンデンサの電圧分担に関する計算問題,
riron:rironh26-8,H26,riron,問8,交流回路の並列接続に関する計算問題,
riron:rironh26-9,H26,riron,問9,LC直列回路の共振周波数に関する計算問題,
riron:rironh26-10,H26,riron,問10,交流回路の特徴に関する論説問題,
riron:rironh26-15,H26,riron,問15,交流回路の電力計算に関する計算問題,
riron:rironh25-7,H25,riron,問7,交流回路での周波数特性に関する計算問題,
riron:rironh25-9,H25,riron,問9,RLC並列回路の電圧電流波形に関する計算問題,
riron:rironh25-10,H25,riron,問10,RLC直列回路の特性に関する計算問題,
riron:rironh24-7,H24,riron,問7,RLC直列共振回路の特性に関する空欄穴埋問題,
riron:rironh24-8,H24,riron,問8,交流回路の供給電力に関する計算問題,
riron:rironh24-10,H24,riron,問10,交流回路の電流比に関する計算問題,
riron:rironh23-8,H23,riron,問8,交流回路の並列負荷接続による電流値の変化に関する計算問題,
riron:rironh23-9,H23,riron,問9,抵抗とコンデンサを直列接続した交流回路に関する計算問題,
riron:rironh23-14~2,H23,riron,問14,電気及び磁気に関係する量と単位記号に関する計算問題,
riron:rironh23-16,H23,riron,問16,LC回路における振動電流の波形，最大値及び周期に関する計算問題,
riron:rironh22-7,H22,riron,問7,単相3線式回路に平衡負荷を接続したときの消費電力に関する計算問題,
riron:rironh22-8,H22,riron,問8,容量性リアクタンスを接続したときの力率の変化に関する計算問題,
riron:rironh22-13,H22,riron,問13,並列の交流回路における等価抵抗の導出に関する計算問題,
riron:rironh21-7,H21,riron,問7,不平衡負荷を接続した単相3線式回路の電流値の比較に関する計算問題,
riron:rironh21-8,H21,riron,問8,交流回路のスイッチ開放前後の電流の特性に関する計算問題,
riron:rironh21-9,H21,riron,問9,電流の瞬時値を用いたある値に到達する時刻の導出に関する計算問題,
riron:rironh20-8,H20,riron,問8,LC並列回路に流れる電流が零となる角周波数に関する計算問題,
riron:rironh20-9,H20,riron,問9,インダクタンス接続前後の交流電力の変化に関する計算問題,
riron:rironh19-8,H19,riron,問8,電源の周波数を変化させたときの力率変化に関する計算問題,
riron:rironh19-9,H19,riron,問9,RLC並列回路のインピーダンスの大小比較に関する計算問題,
riron:rironh18-7,H18,riron,問7,電圧と電流が同相になるときの角周波数に関する計算問題,
riron:rironh18-8,H18,riron,問8,位相と波高値が異なる電源の合成電圧に関する計算問題,
riron:rironh18-9,H18,riron,問9,抵抗とインダクタンスを直列した回路の位相に関する計算問題,
riron:rironr7-2-10,R07下,riron,問10,RL直列回路の抵抗の大きさが変化したときの現象に関する計算問題,
riron:rironr7-1-10,R07上,riron,問10,RLC直列回路の一部素子を短絡したときの電流変化に関する計算問題,
riron:rironr6-2-5,R06下,riron,問5,抵抗，コイル，コンデンサに蓄えられるエネルギーに関する計算問題,
riron:rironr6-2-10,R06下,riron,問10,RC回路の過渡状態と定常状態の時に流れる電流の比に関する計算問題,
riron:rironr6-1-10,R06上,riron,問10,RLC直列回路の一部素子を短絡したときの電流変化に関する計算問題,
riron:rironr5-2-10,R05下,riron,問10,RC直列回路においてスイッチを切り換えた際の変化に関する計算問題,
riron:rironr4-2-10,R4下,riron,問10,RLC直列回路をバイパスしたときの過渡現象に関する論説問題,
riron:rironr3-10,R3,riron,問10,RL直列回路の抵抗の大きさが変化したときの現象に関する計算問題,
riron:rironr2-10,R2,riron,問10,テブナンの定理を利用した過渡現象に関する計算問題,
riron:rironr1-7,R01,riron,問7,RLCを組み合わせた過渡現象に関する計算問題,
riron:rironr1-10,R01,riron,問10,時定数と消費されるエネルギーに関する計算問題,
riron:rironh30-10,H30,riron,問10,RC直列回路の時定数に関する計算問題,
riron:rironh29-10,H29,riron,問10,回路の過渡状態及び定常状態に関する計算問題,
riron:rironh28-10,H28,riron,問10,RC直列回路の過渡現象に関する論説問題,
riron:rironh27-10,H27,riron,問10,RL回路及びRC回路の過渡現象に関する論説問題,
riron:rironh26-11,H26,riron,問11,RC回路の過渡現象に関する計算問題,
riron:rironh25-12,H25,riron,問12,RL直並列回路の過渡現象に関する計算問題,
riron:rironh24-9,H24,riron,問9,RL回路の過渡現象に関する論説問題,
riron:rironh23-10,H23,riron,問10,RC直列回路のスイッチ切換による過渡現象に関する計算問題,
riron:rironh22-10,H22,riron,問10,RC直並列回路の過渡現象と回路演算に関する計算問題,
riron:rironh21-10,H21,riron,問10,RL直列回路の過渡現象における抵抗に加わる電圧に関する計算問題,
riron:rironh20-10,H20,riron,問10,RL直列回路の過渡現象に関する論説問題,
riron:rironh19-10,H19,riron,問10,RC回路の時定数の大小比較に関する計算問題,
riron:rironh18-10,H18,riron,問10,RC回路のスイッチを切り換えた後の時定数に関する計算問題,
riron:rironr7-2-15,R07下,riron,問15,三相交流回路の電源に流れる電流と負荷電力に関する計算問題,
riron:rironr7-1-15,R07上,riron,問15,Δ結線の電源とY結線の負荷を組み合わせた三相回路に関する計算問題,
riron:rironr6-2-15,R06下,riron,問15,三相平衡誘導性負荷とコンデンサを接続した回路に関する計算問題,
riron:rironr5-2-15,R05下,riron,問15,Y接続及びΔ接続された三相平衡回路に関する計算問題,
riron:rironr5-1-15,R05上,riron,問15,Δ結線した三相平衡回路の消費電力に関する計算問題,
riron:rironr4-2-15,R4下,riron,問15,三相交流回路の抵抗値と消費電力に関する計算問題,
riron:rironr4-1-15,R4上,riron,問15,不平衡負荷に接続された三相交流回路に関する計算問題,
riron:rironr2-15,R2,riron,問15,対称三相回路に流れる電流と電力測定値に関する計算問題,
riron:rironr1-16,R01,riron,問16,三相交流における線電流と有効電力の導出に関する計算問題,
riron:rironh30-15,H30,riron,問15,三相交流回路の消費電力に関する計算問題,
riron:rironh29-16,H29,riron,問16,三相平衡負荷を接続した三相交流回路に関する計算問題,
riron:rironh28-15,H28,riron,問15,交流三相電源の断線事故に関する計算問題,
riron:rironh27-17,H27,riron,問17,平衡三相交流回路に関する計算問題,
riron:rironh26-14,H26,riron,問14,平衡三相交流回路に関する計算問題,
riron:rironh26-16,H26,riron,問16,平衡三相負荷の消費電力に関する計算問題,
riron:rironh25-15,H25,riron,問15,三相交流回路の消費電力に関する計算問題,
riron:rironh24-16,H24,riron,問16,三相回路の相電流及び線電流に関する計算問題,
riron:rironh23-15,H23,riron,問15,RLCを含む三相平衡負荷の回路計算に関する計算問題,
riron:rironh22-9,H22,riron,問9,三相平衡回路における電圧，電流及び電力の関係に関する論説問題,
riron:rironh22-15,H22,riron,問15,Δ結線した三相平衡回路の消費電力に関する計算問題,
riron:rironh21-16,H21,riron,問16,三相平衡回路の線電流と相電流の導出に関する計算問題,
riron:rironh20-15,H20,riron,問15,抵抗と誘導性リアクタンスを組み合わせた三相平衡回路に関する計算問題,
riron:rironh19-15,H19,riron,問15,平衡三相回路の負荷電流と静電容量の大きさに関する計算問題,
riron:rironh18-15,H18,riron,問15,Y接続及びΔ接続された三相平衡回路に関する計算問題,
riron:rironr7-2-11,R07下,riron,問11,各ダイオードに加える電圧の方向に関する空欄穴埋問題,
riron:rironr7-1-11,R07上,riron,問11,ホール素子の動作原理に関する空欄穴埋問題,
riron:rironr6-2-11,R06下,riron,問11,電界効果トランジスタの種類や特徴に関する論説問題,
riron:rironr6-1-11,R06上,riron,問11,バイポーラトランジスタと電界効果トランジスタに関する論説問題,
riron:rironr5-2-11,R05下,riron,問11,ＦＥＴの動作原理に関する空欄穴埋問題,
riron:rironr5-1-11,R05上,riron,問11,ホール素子の動作原理に関する空欄穴埋問題,
riron:rironr5-1-12,R05上,riron,問12,異なる２種類の金属を接合した際の特性に関する空欄穴埋問題,
riron:rironr4-2-11,R4下,riron,問11,各ダイオードに加える電圧の方向に関する空欄穴埋問題,
riron:rironr4-1-11,R4上,riron,問11,電界効果トランジスタの特徴に関する空欄穴埋問題,
riron:rironr3-5,R3,riron,問5,熱電対の原理に関する空欄穴埋問題,
riron:rironr3-11,R3,riron,問11,真性半導体及び不純物半導体の特徴に関する論説問題,
riron:rironr2-11,R2,riron,問11,可変容量ダイオード（バラクタダイオード）に関する空欄穴埋問題,
riron:rironr1-11,R01,riron,問11,導体を用いた太陽電池に関する空欄穴埋問題,
riron:rironh30-11,H30,riron,問11,各種半導体素子に関する論説問題,
riron:rironh29-11,H29,riron,問11,半導体のpn接合に関する論説問題,
riron:rironh28-11,H28,riron,問11,真性半導体及び不純物半導体に関する論説問題,
riron:rironh27-11,H27,riron,問11,半導体レーザに関する空欄穴埋問題,
riron:rironh26-12,H26,riron,問12,半導体のpn接合を利用した素子に関する論説問題,
riron:rironh25-11,H25,riron,問11,不純物半導体に関する空欄穴埋問題,
riron:rironh24-11,H24,riron,問11,半導体集積回路(IC)に関する論説問題,
riron:rironh24-13,H24,riron,問13,ダイオードの特性による電流の変化に関する計算問題,
riron:rironh23-11,H23,riron,問11,電界効果トランジスタ(MOSFET)に関する空欄穴埋問題,
riron:rironh22-11,H22,riron,問11,ホール効果の原理に関する空欄穴埋問題,
riron:rironh21-11,H21,riron,問11,真性半導体と不純物半導体の特徴に関する論説問題,
riron:rironh20-11,H20,riron,問11,pn接合した半導体の太陽電池の原理に関する空欄穴埋問題,
riron:rironh18-11,H18,riron,問11,不純物半導体の特徴と不純物の知識に関する空欄穴埋問題,
riron:rironr7-2-12,R07下,riron,問12,電界中の電子に加わる力に関する計算問題,
riron:rironr7-1-12,R07上,riron,問12,電極から放出される電子の運動に関する空欄穴埋問題,
riron:rironr6-2-12,R06下,riron,問12,マグネトロン内の電子の軌跡に関する空欄穴埋問題,
riron:rironr6-1-12,R06上,riron,問12,平等電界中の電子の運動に関する計算問題,
riron:rironr5-2-12,R05下,riron,問12,真空中での電子に加わる力とその運動に関する計算問題,
riron:rironr4-2-12,R4下,riron,問12,真空中を動く電子の運動の向きと大きさの導出に関する計算問題,
riron:rironr4-1-12,R4上,riron,問12,電子の運動エネルギーに関する計算問題,
riron:rironr3-12,R3,riron,問12,平等電界及び平等磁界中の電子の運動に関する計算問題,
riron:rironr2-12,R2,riron,問12,光電効果による金属の電子放出に関する論説問題,
riron:rironr1-12,R01,riron,問12,平行平板コンデンサ内の電荷の運動に関する計算問題,
riron:rironh30-12,H30,riron,問12,磁界中の電子の運動に関する空欄穴埋問題,
riron:rironh29-12,H29,riron,問12,紫外線ランプの構造と動作に関する空欄穴埋問題,
riron:rironh28-12,H28,riron,問12,ローレンツ力に関する空欄穴埋問題,
riron:rironh27-12,H27,riron,問12,真空管を通る電子の運動に関する計算問題,
riron:rironh24-12,H24,riron,問12,磁界中の電子の運動に関する計算問題,
riron:rironh23-12,H23,riron,問12,真空中において電子に加わる力とその運動に関する計算問題,
riron:rironh22-12,H22,riron,問12,金属などの表面から真空中に電子が放出される現象に関する空欄穴埋問題,
riron:rironh21-12,H21,riron,問12,磁界中及び電界中の電子の運動に関する計算問題,
riron:rironh20-12,H20,riron,問12,電子の運動エネルギーと速度の関係に関する計算問題,
riron:rironh19-17,H19,riron,問17,導体中を流れる自由電子の移動速度に関する計算問題,
riron:rironh18-12,H18,riron,問12,電極から放出される電子の運動に関する空欄穴埋問題,
riron:rironr7-2-13,R07下,riron,問13,水晶振動子と水晶発振回路に関する論説問題,
riron:rironr7-2-18,R07下,riron,問18,NAND ICを用いたパルス回路に関する論説問題,
riron:rironr7-1-13,R07上,riron,問13,トランジスタの電流増幅率と出力インピーダンスに関する計算問題,
riron:rironr7-1-18,R07上,riron,問18,エミッタホロワ回路における回路計算に関する計算問題,
riron:rironr6-2-13,R06下,riron,問13,トランジスタの静特性を利用した回路演算に関する計算問題,
riron:rironr6-2-18,R06下,riron,問18,演算増幅器の特徴と回路演算に関する論説・計算問題,
riron:rironr6-1-18,R06上,riron,問18,無線通信で行われるアナログ変調・復調に関する空欄穴埋問題,
riron:rironr5-2-13,R05下,riron,問13,縦續接続した増幅器の電圧利得の導出に関する計算問題,
riron:rironr5-2-18,R05下,riron,問18,接合形ＦＥＴを用いた増幅回路の演算に関する計算問題,
riron:rironr5-1-13,R05上,riron,問13,コレクタ接地増幅回路の特徴に関する論説問題,
riron:rironr4-2-13,R4下,riron,問13,正弦波を出力している発振回路の発振条件に関する計算問題,
riron:rironr4-2-18,R4下,riron,問18,電流帰還バイアス回路の電圧値に関する計算問題,
riron:rironr4-1-13,R4上,riron,問13,演算増幅器を用いたシュミットトリガ回路に関する計算問題,
riron:rironr4-1-18,R4上,riron,問18,トランジスタ増幅器のバイアス回路に関する計算・空欄穴埋問題,
riron:rironr3-13,R3,riron,問13,電界効果トランジスタの簡易小信号等価回路に関する計算問題,
riron:rironr3-18,R3,riron,問18,トランジスタを用いた発振回路に関する計算問題,
riron:rironr2-13,R2,riron,問13,演算増幅器及びそれを用いた回路に関する論説問題,
riron:rironr2-18,R2,riron,問18,エミッタ接地トランジスタ増幅回路の動作特性に関する計算問題,
riron:rironr1-13,R01,riron,問13,負帰還増幅回路に関する論説問題,
riron:rironr1-17,R01,riron,問17,NAND ICを用いたパルス回路に関する論説問題,
riron:rironh30-16,H30,riron,問16,エミッタホロワ回路に関する計算問題,
riron:rironh29-13,H29,riron,問13,バイポーラトランジスタに関する計算問題,
riron:rironh29-18,H29,riron,問18,演算増幅器を用いた回路に関する計算問題,
riron:rironh28-13,H28,riron,問13,エミッタ接地トランジスタ増幅回路に関する計算問題,
riron:rironh27-13,H27,riron,問13,バイポーラトランジスタを用いた電力増幅回路に関する論説問題,
riron:rironh27-18,H27,riron,問18,演算増幅器に関する計算・空欄穴埋問題,
riron:rironh26-13,H26,riron,問13,演算増幅器を用いた能動回路に関する計算問題,
riron:rironh25-13,H25,riron,問13,交流小信号増幅回路に関する論説問題,
riron:rironh25-18,H25,riron,問18,非安定マルチバイブレータに関する論説問題,
riron:rironh24-13~2,H24,riron,問13,ダイオードの特性による電流の変化に関する計算問題,
riron:rironh24-18,H24,riron,問18,ＦＥＴ増幅回路の特性に関する計算問題,
riron:kikaih24-13,H24,riron,問13,演算増幅器を使った回路に関する計算問題,
riron:rironh23-13,H23,riron,問13,トランジスタを用いた非安定マルチバイブレータに関する空欄穴埋問題,
riron:rironh23-18,H23,riron,問18,トランジスタによる小信号増幅回路に関する計算問題,
riron:rironh22-18,H22,riron,問18,演算増幅器の特徴及び出力電圧に関する論説・計算問題,
riron:rironh21-13,H21,riron,問13,ソース接地のFET増幅器の静特性に関する計算問題,
riron:rironh21-18,H21,riron,問18,エミッタ接地のトランジスタ増幅器に関する計算問題,
riron:rironh20-13,H20,riron,問13,トランジスタの接地方式の異なる基本増幅回路に関する論説問題,
riron:rironh20-18,H20,riron,問18,無線通信で行われるアナログ変調・復調に関する空欄穴埋問題,
riron:rironh19-12,H19,riron,問12,演算増幅器の特徴に関する論説問題,
riron:rironh19-18,H19,riron,問18,トランジスタを用いた変成器結合電力増幅回路に関する計算問題,
riron:rironh18-13,H18,riron,問13,帰還回路を含む増幅回路の発振条件に関する空欄穴埋問題,
riron:rironh18-18,H18,riron,問18,負帰還増幅回路の等価回路と電圧増幅度に関する計算問題,
riron:rironr7-2-14,R07下,riron,問14,整流形の電圧計の指示値に関する計算問題,
riron:rironr7-1-16,R07上,riron,問16,電流電圧計の測定範囲拡大に関する計算問題,
riron:rironr6-2-16,R06下,riron,問16,ブリッジの平衡条件を利用した回路演算に関する計算問題,
riron:rironr6-1-14,R06上,riron,問14,代表的な電気計器の目的や特徴に関する論説問題,
riron:rironr6-1-16,R06上,riron,問16,並列接続した直流電流計の測定可能な電流値に関する計算問題,
riron:rironr5-2-16,R05下,riron,問16,電流計及び負荷の消費電力の誤差率に関する計算問題,
riron:rironr5-1-14,R05上,riron,問14,二電力計法を用いた電力の導出に関する計算問題,
riron:rironr5-1-16,R05上,riron,問16,電圧計の異なる端子を使用した抵抗値の導出に関する計算問題,
riron:rironr5-1-18,R05上,riron,問18,振幅変調に関する計算・空欄穴埋問題,
riron:rironr4-2-14,R4下,riron,問14,アナログーディジタル変換に関する論説問題,
riron:rironr4-2-16,R4下,riron,問16,内部抵抗の異なる二つの電流計の並列接続に関する計算問題,
riron:rironr4-1-14,R4上,riron,問14,電気に関する物理量の測定方法に関する空欄穴埋問題,
riron:rironr4-1-16,R4上,riron,問16,すべり抵抗器を用いた未知の電源電圧の導出に関する計算問題,
riron:rironr3-14,R3,riron,問14,ブリッジ回路を用いた未知抵抗の推定に関する計算問題,
riron:rironr3-15,R3,riron,問15,RとXからなる平衡三相回路に関する計算問題,
riron:rironr3-16,R3,riron,問16,電流計及び負荷の消費電力の誤差率に関する計算問題,
riron:rironr2-14,R2,riron,問14,物理現象とその計測・検出のためのセンサに関する論説問題,
riron:rironr2-16,R2,riron,問16,直列接続した直流電圧計の測定可能電圧に関する計算問題,
riron:rironr1-14,R01,riron,問14,JISで示される記号及び使用回路に関する論説問題,
riron:rironr1-18,R01,riron,問18,A-D変換器を用いたディジタル直流電圧計に関する計算問題,
riron:rironh30-6,H30,riron,問6,抵抗値の導出に関する計算問題,
riron:rironh30-18,H30,riron,問18,電圧計を使用した抵抗値の導出に関する計算問題,
riron:rironh29-14,H29,riron,問14,単位法に関する論説問題,
riron:rironh28-14,H28,riron,問14,ディジタル計器に関する論説問題,
riron:rironh28-16,H28,riron,問16,測定誤差に関する計算問題,
riron:rironh28-18,H28,riron,問18,振幅変調(AM)に関する計算・空欄穴埋問題,
riron:rironh27-14,H27,riron,問14,整流形の電圧計に関する計算問題,
riron:rironh27-15,H27,riron,問15,可変抵抗器を含む回路に関する計算問題,
riron:rironh25-14,H25,riron,問14,ディジタル計器に関する論説問題,
riron:rironh25-16,H25,riron,問16,オシロスコープの観測結果からの考察に関する計算問題,
riron:rironh24-14,H24,riron,問14,電気計測機器に関する論説問題,
riron:rironh24-17,H24,riron,問17,直流電圧計に関する計算問題,
riron:rironh23-17,H23,riron,問17,電力計の原理及び２電力計法の理論に関する空欄穴埋問題,
riron:rironh22-14,H22,riron,問14,直流電流計の測定範囲拡大に関する計算問題,
riron:rironh22-16,H22,riron,問16,電力量計の原理と誤差率に関する空欄穴埋及び計算問題,
riron:rironh21-14,H21,riron,問14,直流電流計と交流電流計の性質の違いに関する空欄穴埋問題,
riron:rironh21-15,H21,riron,問15,電気測定の原理や代表例に関する空欄穴埋問題,
riron:rironh20-14,H20,riron,問14,電流計で測定する際に許される誤差に関する計算問題,
riron:rironh20-16,H20,riron,問16,オシロスコープの原理と考え方に関する空欄穴埋・計算問題,
riron:rironh19-14,H19,riron,問14,電圧計と電流計を用いた直流電力の誤差に関する計算問題,
riron:rironh19-16,H19,riron,問16,可動コイル形計器と測定範囲の拡大に関する空欄穴埋・計算問題,
riron:rironh18-14,H18,riron,問14,電力計の測定原理と端子接続方法に関する空欄穴埋問題,
riron:rironh18-16,H18,riron,問16,ブリッジ回路による未知抵抗の特定に関する計算問題,
denryoku:denryokur7-2-1,R07下,denryoku,問1,水力発電所の落差を得る方法や流量調整による分類に関する空欄穴埋問題,
denryoku:denryokur7-2-2,R07下,denryoku,問2,単位体積当たりの水が保有している運動エネルギーに関する計算問題,
denryoku:denryokur7-1-1,R07上,denryoku,問1,水力発電所の理論出力と各単位に関する空欄穴埋問題,
denryoku:denryokur7-1-15,R07上,denryoku,問15,調整池式水力発電所における使用水量と有効貯水容量に関する計算問題,
denryoku:denryokur6-2-1,R06下,denryoku,問1,水力発電の水車と発電機，主変圧器の特徴に関する論説問題,
denryoku:denryokur6-1-1,R06上,denryoku,問1,衝動水車を中心とした水力発電所の内容に関する論説問題,
denryoku:denryokur6-1-2,R06上,denryoku,問2,揚水発電所の電動機入力と発電機出力に関する計算問題,
denryoku:denryokur6-1-15,R06上,denryoku,問15,水車の回転速度と比速度及び水車の種類に関する計算問題,
denryoku:denryokur5-2-1,R05下,denryoku,問1,水力発電所の落差と理論式に関する空欄穴埋問題,
denryoku:denryokur5-2-15,R05下,denryoku,問15,水力発電所の発電電力量と汽力発電所の重油使用量に関する計算問題,
denryoku:denryokur5-1-1,R05上,denryoku,問1,水車の比速度の定義と特徴に関する空欄穴埋問題,
denryoku:denryokur4-2-1,R4下,denryoku,問1,水力発電の特徴や現在の概況に関する論説問題,
denryoku:denryokur4-2-2,R4下,denryoku,問2,水力発電所で使用される水車の特徴に関する空欄穴埋問題,
denryoku:denryokur4-1-1,R4上,denryoku,問1,水力発電所における水車の特徴及び監視制御方式に関する論説問題,
denryoku:denryokur4-1-15,R4上,denryoku,問15,揚水発電所の揚水運転時の必要電力量及び流量に関する計算問題,
denryoku:denryokur3-1,R3,denryoku,問1,水力発電所の落差を得る方法や流量調整による分類に関する空欄穴埋問題,
denryoku:denryokur3-2,R3,denryoku,問2,連続の定理及びベルヌーイの定理に関する計算問題,
denryoku:denryokur2-1,R2,denryoku,問1,ダム水路式発電所における水撃作用及びサージタンクに関する論説問題,
denryoku:denryokur2-15,R2,denryoku,問15,貯水池を有する水力発電所の発電計画に関する計算問題,
denryoku:denryokur1-1,R01,denryoku,問1,水力発電所の水車及び発電機に関する論説問題,
denryoku:denryokur1-2,R01,denryoku,問2,水車の構造と特徴に関する空欄穴埋問題,
denryoku:denryokuh30-2,H30,denryoku,問2,水車の比速度の定義と特徴に関する空欄穴埋問題,
denryoku:denryokuh30-15,H30,denryoku,問15,調整池式発電所の出力に関する計算問題,
denryoku:denryokuh29-1,H29,denryoku,問1,水力発電所に用いられるダムに関する論説問題,
denryoku:denryokuh29-2,H29,denryoku,問2,水車のキャビテーションに関する空欄穴埋問題,
denryoku:denryokuh28-1,H28,denryoku,問1,揚水発電所の出力や入力及び効率に関する計算問題,
denryoku:denryokuh28-2,H28,denryoku,問2,同期発電機の比較に関する空欄穴埋問題,
denryoku:denryokuh27-1,H27,denryoku,問1,水力の理論出力と各単位に関する空欄穴埋問題,
denryoku:denryokuh26-1,H26,denryoku,問1,水車の調速機の機能と構造に関する空欄穴埋問題,
denryoku:denryokuh26-15,H26,denryoku,問15,ベルヌーイの定理を利用した計算に関する計算問題,
denryoku:denryokuh25-1,H25,denryoku,問1,水力発電に用いる水車に関する空欄穴埋問題,
denryoku:denryokuh24-1,H24,denryoku,問1,水力発電所の落差と理論式に関する計算問題,
denryoku:denryokuh23-1,H23,denryoku,問1,水力発電所の不具合原因箇所特定に関する論説問題,
denryoku:denryokuh22-1,H22,denryoku,問1,水力発電所で使用される衝動水車の原理や特徴に関する空欄穴埋問題,
denryoku:denryokuh21-1,H21,denryoku,問1,部分負荷運転している水力発電所の流量に関する計算問題,
denryoku:denryokuh20-1,H20,denryoku,問1,水力発電所で使用される水車の種類と特徴に関する空欄穴埋問題,
denryoku:denryokuh20-2,H20,denryoku,問2,水力発電所の理論や特徴に関する論説問題,
denryoku:denryokuh19-1,H19,denryoku,問1,水力発電の水車と発電機，主変圧器の特徴に関する論説問題,
denryoku:denryokuh19-15,H19,denryoku,問15,速度調定率を用いた負荷急変時の周波数と出力変化に関する計算問題,
denryoku:denryokuh18-12,H18,denryoku,問12,水管内を流れる流水の流速と圧力に関する計算問題,
denryoku:denryokur7-2-3,R07下,denryoku,問3,汽力発電所で使用される保護装置に関する論説問題,
denryoku:denryokur7-2-15,R07下,denryoku,問15,重油専焼火力発電所の熱効率と二酸化炭素発生量に関する計算問題,
denryoku:denryokur7-1-2,R07上,denryoku,問2,汽力発電設備のタービン効率と使用蒸気量の関係に関する計算問題,
denryoku:denryokur7-1-3,R07上,denryoku,問3,水と蒸気及び燃焼ガスの通過する順序に関する論説問題,
denryoku:denryokur6-2-2,R06下,denryoku,問2,汽力発電における熱効率向上対策に関する論説問題,
denryoku:denryokur6-2-3,R06下,denryoku,問3,蒸気タービンで使用される衝動タービンと反動タービンに関する空欄穴埋問題,
denryoku:denryokur6-2-15,R06下,denryoku,問15,重油専焼火力発電所の重油消費量と二酸化炭素排出量に関する計算問題,
denryoku:denryokur6-1-3,R06上,denryoku,問3,コンバインドサイクル発電と汽力発電の比較に関する論説問題,
denryoku:denryokur5-2-2,R05下,denryoku,問2,速度調定率の異なる発電機の負荷変化時の出力変化に関する計算問題,
denryoku:denryokur5-2-3,R05下,denryoku,問3,汽力発電所に使用される復水器の特徴に関する空欄穴埋問題,
denryoku:denryokur5-2-15~2,R05下,denryoku,問15,水力発電所の発電電力量と汽力発電所の重油使用量に関する計算問題,
denryoku:denryokur5-1-2,R05上,denryoku,問2,排熱回収形コンバインドサイクル発電方式の特徴に関する論説問題,
denryoku:denryokur5-1-3,R05上,denryoku,問3,火力発電所の煙風道系統に関する空欄穴埋問題,
denryoku:denryokur5-1-15,R05上,denryoku,問15,石炭火力発電所の熱効率と二酸化炭素排出量に関する計算問題,
denryoku:denryokur4-2-3,R4下,denryoku,問3,コンバインドサイクル発電方式の特徴に関する論説問題,
denryoku:denryokur4-2-11,R4下,denryoku,問11,電力の需要と供給に関する空欄穴埋問題,
denryoku:denryokur4-2-15,R4下,denryoku,問15,汽力発電所の復水器で失われる熱量に関する計算問題,
denryoku:denryokur4-1-2,R4上,denryoku,問2,火力発電所のタービン発電機に関する空欄穴埋問題,
denryoku:denryokur4-1-3,R4上,denryoku,問3,汽力発電設備のタービン効率に関する計算問題,
denryoku:denryokur3-3,R3,denryoku,問3,汽力発電におけるボイラ設備に関する論説問題,
denryoku:denryokur3-4,R3,denryoku,問4,電気集じん装置のメカニズムに関する空欄穴埋問題,
denryoku:denryokur3-15,R3,denryoku,問15,火力発電所の送電端電力量及び発電端効率に関する計算問題,
denryoku:denryokur2-2,R2,denryoku,問2,汽力発電所の復水器の機能及び特徴，損失に関する空欄穴埋問題,
denryoku:denryokur2-3,R2,denryoku,問3,火力発電所で使用される保護装置に関する論説問題,
denryoku:denryokur1-3,R01,denryoku,問3,汽力発電所における熱効率向上方法に関する論説問題,
denryoku:denryokur1-5,R01,denryoku,問5,コンバインドサイクル発電に関する論説問題,
denryoku:denryokur1-15,R01,denryoku,問15,汽力発電所のタービン出力及び海水温度に関する計算問題,
denryoku:denryokuh30-1,H30,denryoku,問1,タービン発電機の水素冷却方式の特徴に関する空欄穴埋問題,
denryoku:denryokuh30-3,H30,denryoku,問3,汽力発電所の蒸気タービン設備に関する論説問題,
denryoku:denryokuh29-3,H29,denryoku,問3,火力発電所の環境対策に関する論説問題,
denryoku:denryokuh29-15,H29,denryoku,問15,火力発電所の燃料使用量，空気量に関する計算問題,
denryoku:denryokuh28-2~2,H28,denryoku,問2,同期発電機の比較に関する空欄穴埋問題,
denryoku:denryokuh28-3,H28,denryoku,問3,汽力発電所のボイラ及びその付属設備に関する論説問題,
denryoku:denryokuh28-15,H28,denryoku,問15,汽力発電所のタービン効率及び発電機効率に関する計算問題,
denryoku:denryokuh27-2,H27,denryoku,問2,汽力発電所における再生サイクル及び再熱サイクルに関する論説問題,
denryoku:denryokuh27-3,H27,denryoku,問3,汽力発電所のボイラ効率に関する計算問題,
denryoku:denryokuh27-15,H27,denryoku,問15,速度調定率と出力の関係に関する計算問題,
denryoku:denryokuh26-2,H26,denryoku,問2,汽力発電所の熱サイクルに関する論説問題,
denryoku:denryokuh26-3,H26,denryoku,問3,コンバインドサイクルの高効率化に関する空欄穴埋問題,
denryoku:denryokuh26-17,H26,denryoku,問17,火力発電所の燃焼計算に関する計算問題,
denryoku:denryokuh25-2,H25,denryoku,問2,コンバインドサイクル発電の熱効率に関する計算問題,
denryoku:denryokuh25-3,H25,denryoku,問3,汽力発電所の蒸気タービンの分類に関する論説問題,
denryoku:denryokuh25-15,H25,denryoku,問15,火力発電所の効率計算に関する計算問題,
denryoku:denryokuh24-2,H24,denryoku,問2,汽力発電所のタービン発電機の特徴に関する空欄穴埋問題,
denryoku:denryokuh24-3,H24,denryoku,問3,汽力発電所の保護装置に関する論説問題,
denryoku:denryokuh24-15,H24,denryoku,問15,石炭火力発電所の送電端電力量と発電端効率に関する計算問題,
denryoku:denryokuh23-2,H23,denryoku,問2,火力発電所のボイラ設備の説明に関する論説問題,
denryoku:denryokuh23-3,H23,denryoku,問3,汽力発電所の復水器に関する一般的説明に関する論説問題,
denryoku:denryokuh23-15,H23,denryoku,問15,汽力発電所における必要燃料重量と理論空気量に関する計算問題,
denryoku:denryokuh22-2,H22,denryoku,問2,火力発電所排ガス中の環境に悪影響を及ぼす物質とその対策に関する論説問題,
denryoku:denryokuh22-3,H22,denryoku,問3,コンバインドサイクル発電の特徴に関する論説問題,
denryoku:denryokuh22-15,H22,denryoku,問15,石炭火力発電所の熱効率に関する計算問題,
denryoku:denryokuh21-2,H21,denryoku,問2,タービン発電機の水素冷却方式に関する論説問題,
denryoku:denryokuh21-3,H21,denryoku,問3,汽力発電所の熱効率向上対策に関する論説問題,
denryoku:denryokuh21-15,H21,denryoku,問15,重油専焼火力発電所の熱効率と二酸化炭素発生量に関する計算問題,
denryoku:denryokuh20-3,H20,denryoku,問3,汽力発電所の基本的な熱サイクルに関する空欄穴埋問題,
denryoku:denryokuh20-15,H20,denryoku,問15,汽力発電所の発電電力量と送電端熱効率に関する計算問題,
denryoku:denryokuh19-2,H19,denryoku,問2,汽力発電の基本サイクルであるランキンサイクルの効率に関する計算問題,
denryoku:denryokuh19-3,H19,denryoku,問3,コンバインドサイクル発電方式と汽力発電方式の比較に関する論説問題,
denryoku:denryokuh19-5,H19,denryoku,問5,各発電所の二酸化炭素排出量の違いに関する論説問題,
denryoku:denryokuh19-15~2,H19,denryoku,問15,速度調定率を用いた負荷急変時の周波数と出力変化に関する計算問題,
denryoku:denryokuh18-1,H18,denryoku,問1,汽力発電所で使用される復水器に関する空欄穴埋問題,
denryoku:denryokuh18-2,H18,denryoku,問2,コンバインドサイクル発電における燃焼用空気の流れに関する論説問題,
denryoku:denryokuh18-15,H18,denryoku,問15,汽力発電所の復水器での損失とタービン室効率に関する計算問題,
denryoku:denryokur7-2-8,R07下,denryoku,問8,架空送電線路の振動及び落雷に関連する設備に関する論説問題,
denryoku:denryokur7-2-9,R07下,denryoku,問9,架空送電線路の雷による過電圧とその対策に関する論説問題,
denryoku:denryokur7-2-11,R07下,denryoku,問11,直流送電の交流送電と比較した特徴に関する論説問題,
denryoku:denryokur7-1-8,R07上,denryoku,問8,架空送電線路の構成部品に関する論説問題,
denryoku:denryokur7-1-9,R07上,denryoku,問9,架空送電線路に発生する誘導障害に関する空欄穴埋問題,
denryoku:denryokur6-2-8,R06下,denryoku,問8,がいしの塩害とその対策に関する論説問題,
denryoku:denryokur6-1-8,R06上,denryoku,問8,送電線に発生する振動とその対策に関する論説問題,
denryoku:denryokur6-1-9,R06上,denryoku,問9,電力系統に現れる過電圧の種類と対策に関する論説問題,
denryoku:denryokur5-2-8,R05下,denryoku,問8,架空送電線路の構成要素に関する論説問題,
denryoku:denryokur5-2-9,R05下,denryoku,問9,送電線路に施設する架空地線に関する空欄穴埋問題,
denryoku:denryokur5-1-9,R05上,denryoku,問9,送電線に発生するコロナ損に関する空欄穴埋問題,
denryoku:denryokur4-2-8,R4下,denryoku,問8,架空送電線路の構成要素に関する論説問題,
denryoku:denryokur4-1-6,R4上,denryoku,問6,電力系統の電圧調整及び力率調整に関する論説問題,
denryoku:denryokur4-1-10,R4上,denryoku,問10,送電線の各振動の発生原因と名称に関する空欄穴埋問題,
denryoku:denryokur3-10,R3,denryoku,問10,架空送電線のがいしの塩害及びその対策に関する空欄穴埋問題,
denryoku:denryokur2-6,R2,denryoku,問6,架空送電線路における振動及び落雷対策に関する論説問題,
denryoku:denryokur2-10,R2,denryoku,問10,架空送電線路の線路定数とその考え方に関する空欄穴埋問題,
denryoku:denryokur1-9,R01,denryoku,問9,架空送電線の構成部品に関する論説問題,
denryoku:denryokur1-10,R01,denryoku,問10,コロナ放電によるコロナ損に関する空欄穴埋問題,
denryoku:denryokuh30-6,H30,denryoku,問6,保護リレーの動作と保護協調に関する空欄穴埋問題,
denryoku:denryokuh30-9,H30,denryoku,問9,架空送電線の多導体方式に関する空欄穴埋問題,
denryoku:denryokuh30-10,H30,denryoku,問10,送配電系統における過電圧の特徴に関する論説問題,
denryoku:denryokuh29-9,H29,denryoku,問9,架空送電線の雷過電圧等に対する保護に関する空欄穴埋問題,
denryoku:denryokuh28-8,H28,denryoku,問8,架空送電線路の静電誘導障害と電磁誘導障害に関する空欄穴埋問題,
denryoku:denryokuh27-8,H27,denryoku,問8,架空送電線の振動に関する空欄穴埋問題,
denryoku:denryokuh27-9,H27,denryoku,問9,がいしの塩害現象及びその対策に関する論説問題,
denryoku:denryokuh26-8,H26,denryoku,問8,架空送電線路の雷害対策に関する論説問題,
denryoku:denryokuh26-9,H26,denryoku,問9,架空送電線路におけるコロナ放電及びそれに関わる障害に関する論説問題,
denryoku:denryokuh25-8,H25,denryoku,問8,架空送電線路の構成要素に関する論説問題,
denryoku:denryokuh24-7,H24,denryoku,問7,送電線の送電容量の特徴に関する論説問題,
denryoku:denryokuh23-6,H23,denryoku,問6,架空送配電線路の誘導障害に関する論説問題,
denryoku:denryokuh23-7,H23,denryoku,問7,送配電線路に発生する外部過電圧と内部過電圧に関する空欄穴埋問題,
denryoku:denryokuh22-10,H22,denryoku,問10,送電線に発生する振動の種類とその原因に関する空欄穴埋問題,
denryoku:denryokuh20-7,H20,denryoku,問7,送配電線路や変電機器等におけるコロナ障害に関する論説問題,
denryoku:denryokuh20-9,H20,denryoku,問9,架空送電線路の構成要素に関する論説問題,
denryoku:denryokuh20-10,H20,denryoku,問10,がいしの塩害とその対策に関する論説問題,
denryoku:denryokuh19-7,H19,denryoku,問7,電力系統に現れる過電圧の種類と対策に関する論説問題,
denryoku:denryokuh19-8,H19,denryoku,問8,架空送電線路の架空地線に関する論説問題,
denryoku:denryokuh18-6,H18,denryoku,問6,架空送電線路に発生する誘導障害に関する空欄穴埋問題,
denryoku:denryokuh18-7,H18,denryoku,問7,がいしの性能を表す要素に関する論説問題,
denryoku:denryokur7-2-10,R07下,denryoku,問10,地中ケーブルの付設方法の違いと特徴に関する論説問題,
denryoku:denryokur6-1-10,R06上,denryoku,問10,マーレーループ法による故障点位置標定に関する空欄穴埋問題,
denryoku:denryokur5-2-10,R05下,denryoku,問10,地中送電線路の特徴や布設方法等に関する論説問題,
denryoku:denryokur5-2-11,R05下,denryoku,問11,直流送電の特徴や注意点に関する論説問題,
denryoku:denryokur5-1-10,R05上,denryoku,問10,地中送電線路の線路定数に関する論説問題,
denryoku:denryokur4-2-10,R4下,denryoku,問10,地中送配電線の各布設方式の特徴に関する論説問題,
denryoku:denryokur4-1-9,R4上,denryoku,問9,送電線路のフェランチ効果発生原因とその対策に関する論説問題,
denryoku:denryokur4-1-11,R4上,denryoku,問11,地中送電線路の故障点位置標定に関する論説問題,
denryoku:denryokur3-11,R3,denryoku,問11,地中送電線路に使用される電力ケーブルの許容電流に関する論説問題,
denryoku:denryokur2-11,R2,denryoku,問11,架空送電線路と比較した地中送電線路の特徴に関する論説問題,
denryoku:denryokur1-11,R01,denryoku,問11,電力ケーブルの布設方式に関する論説問題,
denryoku:denryokuh30-11,H30,denryoku,問11,地中送電線路に使用される各種電力ケーブルに関する論説問題,
denryoku:denryokuh29-6,H29,denryoku,問6,電力系統で使用される直流送電系統の特徴に関する論説問題,
denryoku:denryokuh29-10,H29,denryoku,問10,地中送電線路に使用される電力ケーブルで発生する損失に関する論説問題,
denryoku:denryokuh28-10,H28,denryoku,問10,地中送電線路の故障点位置標定に関する論説問題,
denryoku:denryokuh26-10,H26,denryoku,問10,地中送電線の布設方式に関する空欄穴埋問題,
denryoku:denryokuh25-10,H25,denryoku,問10,地中電線における各損失に関する論説問題,
denryoku:denryokuh24-9,H24,denryoku,問9,直流送電のメリットデメリットに関する論説問題,
denryoku:denryokuh24-12,H24,denryoku,問12,送配電線路のフェランチ効果に関する論説問題,
denryoku:denryokuh23-11,H23,denryoku,問11,マーレ―ループ法の原理と測定方法に関する空欄穴埋問題,
denryoku:denryokuh23-11~2,H23,denryoku,問11,マーレ―ループ法の原理と測定方法に関する空欄穴埋問題,
denryoku:denryokuh21-9,H21,denryoku,問9,直流送電と交流送電の比較に関する論説問題,
denryoku:denryokuh20-11,H20,denryoku,問11,地中電線路の絶縁劣化診断方法に関する論説問題,
denryoku:denryokuh19-9,H19,denryoku,問9,受電端電圧が送電端電圧より高くなる現象の名称や特徴に関する空欄穴埋問題,
denryoku:denryokuh19-11,H19,denryoku,問11,CVTケーブルのCV-3Cケーブルと比較した特徴に関する空欄穴埋問題,
denryoku:denryokuh18-8,H18,denryoku,問8,地中ケーブルの付設方法の違いと特徴に関する論説問題,
denryoku:denryokur7-1-12,R07上,denryoku,問12,架空電線路の電線の実長に関する計算問題,
denryoku:denryokur6-2-12,R06下,denryoku,問12,三相3線式送電線の電力損失率に関する計算問題,
denryoku:denryokur6-2-13,R06下,denryoku,問13,送電線のたるみの温度による変化に関する計算問題,
denryoku:denryokur6-2-16,R06下,denryoku,問16,T形等価回路を用いた分布定数回路に関する計算問題,
denryoku:denryokur6-2-17,R06下,denryoku,問17,送電線のフェランチ現象を模式化した演算に関する計算問題,
denryoku:denryokur6-1-12,R06上,denryoku,問12,架線の張力を変更することによる送電線のたるみの調整に関する計算問題,
denryoku:denryokur6-1-13,R06上,denryoku,問13,送電線の損失上限値を超えないための電線の最小断面積に関する計算問題,
denryoku:denryokur5-2-12,R05下,denryoku,問12,架空送電線のたるみの導出に関する計算問題,
denryoku:denryokur4-2-16,R4下,denryoku,問16,受電端に接続可能な皮相電力及び必要調相設備の容量に関する計算問題,
denryoku:denryokur3-16,R3,denryoku,問16,電線の導体温度変化時の電線の実長及び水平張力に関する計算問題,
denryoku:denryokur2-16,R2,denryoku,問16,三相平衡負荷を流れる電流及び送電損失に関する計算問題,
denryoku:denryokur1-13,R01,denryoku,問13,支線に加わる送電線の張力に関する計算問題,
denryoku:denryokur1-16,R01,denryoku,問16,送電線のフェランチ現象に関する計算問題,
denryoku:denryokuh30-17,H30,denryoku,問17,百分率インピーダンスと送電電力に関する計算問題,
denryoku:denryokuh29-8,H29,denryoku,問8,送電線のたるみからの水平張力の導出に関する計算問題,
denryoku:denryokuh29-11,H29,denryoku,問11,異なる配線方式の送電線の損失に関する計算問題,
denryoku:denryokuh29-16,H29,denryoku,問16,ケーブルの対地静電容量に関する計算問題,
denryoku:denryokur7-2-7,R07下,denryoku,問7,6.6 kV 非接地方式配電線及び高圧受電設備の保護に関する論説問題,
denryoku:denryokur7-1-7,R07上,denryoku,問7,分散型電源の配電系統連系に関する論説問題,
denryoku:denryokur7-1-11,R07上,denryoku,問11,単相３線式配電方式の特徴に関する論説問題,
denryoku:denryokur6-2-9,R06下,denryoku,問9,高低圧配電系統における保護に関する空欄穴埋問題,
denryoku:denryokur6-2-11,R06下,denryoku,問11,高圧受電設備を構成する機器に関する論説問題,
denryoku:denryokur6-1-7,R06上,denryoku,問7,配電線路の電圧維持対策に関する論説問題,
denryoku:denryokur6-1-11,R06上,denryoku,問11,送配電方式として広く採用されている交流三相方式に関する論説問題,
denryoku:denryokur5-2-7,R05下,denryoku,問7,配電線路の電圧調整に関する論説問題,
denryoku:denryokur5-1-6,R05上,denryoku,問6,配電線路に設置される開閉器類に関する論説問題,
denryoku:denryokur5-1-8,R05上,denryoku,問8,配電用機材とそれに関連の深い語句に関する選択問題,
denryoku:denryokur5-1-11,R05上,denryoku,問11,22(33)kV配電系統の6.6kV配電系統に対する比較に関する論説問題,
denryoku:denryokur4-2-12,R4下,denryoku,問12,配電線路の電圧を適正範囲に維持するための調整に関する空欄穴埋問題,
denryoku:denryokur4-2-13,R4下,denryoku,問13,低圧ネットワーク方式の特徴に関する論説問題,
denryoku:denryokur4-1-12,R4上,denryoku,問12,配電線路に用いられる柱上変圧器に関する空欄穴埋問題,
denryoku:denryokur4-1-13,R4上,denryoku,問13,高圧架空配電線路又は高圧地中配電線路を構成する機材に関する用語選択問題,
denryoku:denryokur3-12,R3,denryoku,問12,単相３線式配電方式の特徴に関する論説問題,
denryoku:denryokur3-13,R3,denryoku,問13,高低圧配電系統における保護に関する空欄穴埋問題,
denryoku:denryokur2-12,R2,denryoku,問12,高圧架空配電線路を構成する機材とその特徴に関する論説問題,
denryoku:denryokur2-13,R2,denryoku,問13,大口需要家で適用されるスポットナットワーク方式に関する空欄穴埋問題,
denryoku:denryokur1-12,R01,denryoku,問12,配電線路に用いられる電気方式の構成及びその特徴に関する論説問題,
denryoku:denryokuh29-12,H29,denryoku,問12,高低圧配電系統の保護に関する空欄穴埋問題,
denryoku:denryokuh29-13,H29,denryoku,問13,配電線路の電圧調整に関する論説問題,
denryoku:denryokuh28-11,H28,denryoku,問11,地中配電線路に用いられる機器に関する論説問題,
denryoku:denryokuh28-12,H28,denryoku,問12,低圧配電系統の構成に関する空欄穴埋問題,
denryoku:denryokuh27-5,H27,denryoku,問5,分散型電源の配電系統連系に関する論説問題,
denryoku:denryokuh27-6,H27,denryoku,問6,各種保護リレーの特徴に関する論説問題,
denryoku:denryokuh27-11,H27,denryoku,問11,地中配電線路の得失に関する空欄穴埋問題,
denryoku:denryokuh27-12,H27,denryoku,問12,スポットナットワーク方式及び低圧ネットワーク方式の特徴に関する論説問題,
denryoku:denryokuh26-11,H26,denryoku,問11,配電線路接地方式や一線地絡事故が発生した場合の現象に関する空欄穴埋問題,
denryoku:denryokuh26-13,H26,denryoku,問13,高圧架空配電系統を構成する機材とその特徴に関する論説問題,
denryoku:denryokuh25-7,H25,denryoku,問7,真空遮断器の構造や特徴に関する空欄穴埋問題,
denryoku:denryokuh25-11,H25,denryoku,問11,我が国の配電系統の特徴に関する論説問題,
denryoku:denryokuh25-12,H25,denryoku,問12,配電線の保護方式に関する空欄穴埋問題,
denryoku:denryokuh23-12,H23,denryoku,問12,大都市で採用されるスポットナットワーク方式に関する空欄穴埋問題,
denryoku:denryokuh23-13,H23,denryoku,問13,配電線路の電圧調整の方法に関する論説問題,
denryoku:denryokuh22-12,H22,denryoku,問12,配電線路に設置される開閉器等の機器に関する論説問題,
denryoku:denryokuh22-13,H22,denryoku,問13,配電設備の記述の正誤の組み合わせに関する論説問題,
denryoku:denryokuh21-8,H21,denryoku,問8,22(33)kV配電系統の6.6kV配電系統に対する比較に関する論説問題,
denryoku:denryokuh21-12,H21,denryoku,問12,配電線路に使用される変圧器に関する論説問題,
denryoku:denryokuh21-13,H21,denryoku,問13,配電設備や屋内設備における保護装置の特徴に関する論説問題,
denryoku:denryokuh20-12,H20,denryoku,問12,架空配電線路と比較したときの地中配電線路の一般的な特徴に関する論説問題,
denryoku:denryokuh20-13,H20,denryoku,問13,配電線路の電圧調整に関する空欄穴埋問題,
denryoku:denryokuh19-13,H19,denryoku,問13,高低圧配電系統に採用されている配電方式に関する空欄穴埋問題,
denryoku:denryokuh18-9,H18,denryoku,問9,配電用機材とそれに関係の深い語句の組合せに関する選択問題,
denryoku:denryokuh18-10,H18,denryoku,問10,スポットナットワーク受電設備に関する空欄穴埋問題,
denryoku:denryokur7-2-12,R07下,denryoku,問12,三相変圧器の二次側に設置する遮断器の定格遮断電流に関する計算問題,
denryoku:denryokur7-2-13,R07下,denryoku,問13,増設可能な負荷の皮相電力に関する計算問題,
denryoku:denryokur7-2-16,R07下,denryoku,問16,配電線の電圧降下と負荷電力の関係に関する計算問題,
denryoku:denryokur7-2-17,R07下,denryoku,問17,力率の異なる負荷を接続したときの線路電流と電圧降下に関する計算問題,
denryoku:denryokur7-1-13,R07上,denryoku,問13,力率変化に伴う配電線の負荷電力の変化に関する計算問題,
denryoku:denryokur7-1-16,R07上,denryoku,問16,三相短絡事故発生時の事故電流と電圧変化に関する計算問題,
denryoku:denryokur7-1-17,R07上,denryoku,問17,負荷を追加した変圧器の過負荷運転防止に関する計算問題,
denryoku:denryokur6-2-10,R06下,denryoku,問10,三相3線式地中電線路の無負荷充電容量に関する計算問題,
denryoku:denryokur6-1-17,R06上,denryoku,問17,三相3線式ループ配電線路の電圧降下に関する計算問題,
denryoku:denryokur5-2-13,R05下,denryoku,問13,単相2線式及び単相3線式線路での電力損失に関する計算問題,
denryoku:denryokur5-2-16,R05下,denryoku,問16,百分率インピーダンスと過電流遮断器の整定に関する計算問題,
denryoku:denryokur5-2-17,R05下,denryoku,問17,太陽光発電設備が接続された単相 3 線式配電線路に関する計算問題,
denryoku:denryokur5-1-12,R05上,denryoku,問12,三相3線式配電線路の電圧降下率に関する計算問題,
denryoku:denryokur5-1-17,R05上,denryoku,問17,三相 3 線式高圧配電線路の電圧降下に関する計算問題,
denryoku:denryokur4-2-17,R4下,denryoku,問17,不平衡負荷を接続した単相３線式配電線路に関する計算問題,
denryoku:denryokur4-1-17,R4上,denryoku,問17,配電線の送電電力及び力率変化後の送電電力の導出に関する計算問題,
denryoku:denryokur3-17,R3,denryoku,問17,単相2線式配電線路の電圧降下に関する計算問題,
denryoku:denryokur2-8,R2,denryoku,問8,百分率インピーダンスを用いた三相短絡電流の導出に関する計算問題,
denryoku:denryokur2-17,R2,denryoku,問17,三相3線式ループ配電線路の電圧降下に関する計算問題,
denryoku:denryokur1-17,R01,denryoku,問17,配電線の電力損失及び電圧降下に関する計算問題,
denryoku:denryokuh30-8,H30,denryoku,問8,平衡三相負荷への供給電力に関する計算問題,
denryoku:denryokuh30-13,H30,denryoku,問13,高圧配電線の力率の導出に関する計算問題,
denryoku:denryokuh30-16,H30,denryoku,問16,太陽光発電所接続前後の負荷バランスに関する計算問題,
denryoku:denryokuh29-17,H29,denryoku,問17,三相3線式送電線の力率改善に関する計算問題,
denryoku:denryokuh28-9,H28,denryoku,問9,三相3線式送電線路の電圧降下に関する計算問題,
denryoku:denryokuh28-13,H28,denryoku,問13,単相2線式の電圧降下に関する計算問題,
denryoku:denryokuh28-17,H28,denryoku,問17,バランサを接続した単相3線式配電線路に関する計算問題,
denryoku:denryokuh27-13,H27,denryoku,問13,低圧配電方式の最大送電電力に関する計算問題,
denryoku:denryokuh27-16,H27,denryoku,問16,三相3線式の回路計算に関する計算問題,
denryoku:denryokuh26-7,H26,denryoku,問7,配電線路の電圧降下率に関する計算問題,
denryoku:denryokuh26-12,H26,denryoku,問12,三相4線式低圧配電線の容量に関する計算問題,
denryoku:denryokuh25-9,H25,denryoku,問9,架線の張力と支線と追支線の関係に関する計算問題,
denryoku:denryokuh25-13,H25,denryoku,問13,三相3線式配電線路線路の電圧降下に関する計算問題,
denryoku:denryokuh24-11,H24,denryoku,問11,地中配電ケーブルの充電容量に関する計算問題,
denryoku:denryokuh23-9,H23,denryoku,問9,単相3線式配電線路における電圧及び電流の値に関する計算問題,
denryoku:denryokuh23-16,H23,denryoku,問16,三相短絡事故発生時の事故電流に関する計算問題,
denryoku:denryokuh23-17,H23,denryoku,問17,昇圧器を含む単相2線式配電線路の電圧降下に関する計算問題,
denryoku:denryokuh22-17,H22,denryoku,問17,単相２線式配電線路の電圧降下と負荷電流に関する計算問題,
denryoku:denryokuh21-10,H21,denryoku,問10,三相３線式高圧配電線路の電圧降下に関する計算問題,
denryoku:denryokuh21-17,H21,denryoku,問17,電力用コンデンサを接続したときの無効電力と力率の変化に関する計算問題,
denryoku:denryokuh20-17,H20,denryoku,問17,三相3線式配電線路の電圧降下に関する計算問題,
denryoku:denryokuh19-12,H19,denryoku,問12,三相短絡事故が発生した時の短絡電流に関する計算問題,
denryoku:denryokuh19-17,H19,denryoku,問17,太陽光発電設備が接続された単相 3 線式配電線路に関する計算問題,
denryoku:denryokuh18-16,H18,denryoku,問16,配電線の電圧降下と負荷電力の関係に関する計算問題,
denryoku:denryokuh18-17,H18,denryoku,問17,百分率インピーダンスと過電流遮断器の整定に関する計算問題,
denryoku:denryokur7-2-14,R07下,denryoku,問14,磁性材料の種類と損失に関する論説問題,
denryoku:denryokur7-1-14,R07上,denryoku,問14,六ふっ化硫黄ガスの特徴に関する論説問題,
denryoku:denryokur6-2-14,R06下,denryoku,問14,導電材料として利用される銅に関する論説問題,
denryoku:denryokur6-1-14,R06上,denryoku,問14,気体絶縁材料及び固体絶縁材料の一般的な性質に関する論説問題,
denryoku:denryokur5-2-14,R05下,denryoku,問14,電線の導体に使用される材料に関する論説問題,
denryoku:denryokur5-1-14,R05上,denryoku,問14,アモルファス鉄心材料を使用した柱上変圧器の特徴に関する論説問題,
denryoku:denryokur4-2-14,R4下,denryoku,問14,電気機器に使用される絶縁油に求められる特性に関する空欄穴埋問題,
denryoku:denryokur4-1-14,R4上,denryoku,問14,電力用設備に使用される六フッ化硫黄ガスに関する論説問題,
denryoku:denryokur3-14,R3,denryoku,問14,送電線路に用いられる導体に関する論説問題,
denryoku:denryokur2-14,R2,denryoku,問14,電力ケーブルなどの電力用設備に使用される絶縁油に関する論説問題,
denryoku:denryokur1-14,R01,denryoku,問14,固体、液体、気体の電気絶縁材料に関する論説問題,
denryoku:denryokuh30-14,H30,denryoku,問14,変圧器に使用される鉄心材料に関する論説問題,
denryoku:denryokuh29-14,H29,denryoku,問14,各種電気絶縁材料の特徴に関する論説問題,
denryoku:denryokuh28-14,H28,denryoku,問14,送電線路に用いられる導体に関する論説問題,
denryoku:denryokuh27-14,H27,denryoku,問14,変圧器の鉄心に使用されている鉄心材料に関する論説問題,
denryoku:denryokuh26-5,H26,denryoku,問5,各種二次電池の特徴や用途に関する論説問題,
denryoku:denryokuh26-14,H26,denryoku,問14,六ふっ化硫黄ガスに関する論説問題,
denryoku:denryokuh25-14,H25,denryoku,問14,絶縁材料の特徴に関する論説問題,
denryoku:denryokuh24-14,H24,denryoku,問14,導電材料としてよく利用される銅に関する論説問題,
denryoku:denryokuh23-14,H23,denryoku,問14,一般的な電気絶縁材料の特徴に関する論説問題,
denryoku:denryokuh22-14,H22,denryoku,問14,変圧器やOFケーブル等に使用される絶縁油に関する空欄穴埋問題,
denryoku:denryokuh21-14,H21,denryoku,問14,固体絶縁材料の劣化に関する論説問題,
denryoku:denryokuh20-14,H20,denryoku,問14,電気機器の鉄心として使用される磁心材料に関する空欄穴埋問題,
denryoku:denryokuh19-14,H19,denryoku,問14,六ふっ化硫黄ガスの特徴に関する論説問題,
denryoku:denryokuh18-11,H18,denryoku,問11,電線の導体に使用される金属に関する論説問題,
denryoku:denryokuh27-10,H27,denryoku,問10,ケーブルの誘電体損に関する計算問題,
denryoku:denryokuh27-17,H27,denryoku,問17,電力系統の送電電力に関する計算問題,
denryoku:denryokuh26-16,H26,denryoku,問16,送電線の１線地絡事故に関する計算問題,
denryoku:denryokuh25-16,H25,denryoku,問16,架空送電線路の力率計算に関する計算問題,
denryoku:denryokuh25-17,H25,denryoku,問17,百分率インピーダンスの諸計算に関する計算問題,
denryoku:denryokuh24-10,H24,denryoku,問10,送電線での送電損失に関する計算問題,
denryoku:denryokuh24-13,H24,denryoku,問13,送電線のたるみの温度による変化に関する計算問題,
denryoku:denryokuh24-16,H24,denryoku,問16,π形等価回路の回路計算に関する計算問題,
denryoku:denryokuh21-7,H21,denryoku,問7,交流三相3線式送電線路の送電電力に関する計算問題,
denryoku:denryokuh21-11,H21,denryoku,問11,三相３線式地中電線路の誘電体損の導出に関する計算問題,
denryoku:denryokuh21-16,H21,denryoku,問16,系統の百分率インピーダンスと三相短絡電流に関する計算問題,
denryoku:denryokuh20-16,H20,denryoku,問16,三相3線式線路における電圧降下率に関する計算問題,
denryoku:denryokuh19-10,H19,denryoku,問10,三相3線式送電線の電力損失率に関する計算問題,
denryoku:denryokuh18-14,H18,denryoku,問14,架空送電線のたるみの導出に関する計算問題,
denryoku:denryokur7-2-4,R07下,denryoku,問4,将来に向けた検討がなされている新型炉に関する論説問題,
denryoku:denryokur7-1-4,R07上,denryoku,問4,原子力発電における核燃料サイクルに関する空欄穴埋問題,
denryoku:denryokur6-2-4,R06下,denryoku,問4,原子力発電で使用される燃料と原子力発電の原理に関する論説問題,
denryoku:denryokur6-1-4,R06上,denryoku,問4,ウランの核分裂エナルギーと石炭の発熱量の比較に関する計算問題,
denryoku:denryokur5-2-4,R05下,denryoku,問4,軽水炉で使用される原子燃料に関する論説問題,
denryoku:denryokur5-1-4,R05上,denryoku,問4,ウランの発生エナルギーと同じ熱量を得るための重油の量に関する計算問題,
denryoku:denryokur4-2-4,R4下,denryoku,問4,日本で採用されている原子炉の型と特性に関する空欄穴埋問題,
denryoku:denryokur4-1-4,R4上,denryoku,問4,永騰水型原子炉（ＢＷＲ）の特徴に関する論説問題,
denryoku:denryokur3-5,R3,denryoku,問5,日本で使用されている原子力発電の構造や特徴に関する論説問題,
denryoku:denryokur2-4,R2,denryoku,問4,ウラン235など原子燃料に使用される物質に関する空欄穴埋問題,
denryoku:denryokur1-4,R01,denryoku,問4,ウランと石炭の燃料消費量の違いに関する計算問題,
denryoku:denryokuh30-4,H30,denryoku,問4,原子力発電所の蒸気タービンの特徴に関する空欄穴埋問題,
denryoku:denryokuh29-4,H29,denryoku,問4,原子力発電所の電力による揚水発電量に関する計算問題,
denryoku:denryokuh28-4,H28,denryoku,問4,原子力発電における核燃料サイクルに関する空欄穴埋問題,
denryoku:denryokuh27-4,H27,denryoku,問4,原子炉の加圧水型と永騰水型の比較に関する空欄穴埋問題,
denryoku:denryokuh26-4,H26,denryoku,問4,原子力発電での発生エナルギーに関する論説問題,
denryoku:denryokuh25-4,H25,denryoku,問4,原子力発電所の軽水炉に関する論説問題,
denryoku:denryokuh24-4,H24,denryoku,問4,ウランと重油の燃料消費量の違いに関する計算問題,
denryoku:denryokuh23-4,H23,denryoku,問4,ウラン235が核分裂により発生するエナルギーに関する計算問題,
denryoku:denryokuh22-4,H22,denryoku,問4,加圧水型原子炉(PWR)の構成及び特徴に関する論説問題,
denryoku:denryokuh21-4,H21,denryoku,問4,原子力発電の原理や原子燃料に関する空欄穴埋問題,
denryoku:denryokuh20-4,H20,denryoku,問4,軽水炉における出力調整の方法に関する空欄穴埋問題,
denryoku:denryokuh19-4,H19,denryoku,問4,原子力発電所で採用されている原子炉の種類や特徴に関する空欄穴埋問題,
denryoku:denryokuh19-5~2,H19,denryoku,問5,各発電所の二酸化碳素排出量の違いに関する論説問題,
denryoku:denryokuh18-13,H18,denryoku,問13,原子力発電のエナルギーが揚水発電所で揚水できる水量に関する計算問題,
denryoku:denryokur7-2-5,R07下,denryoku,問5,水力や風力発電に利用される誘導発電機の特徴に関する論説問題,
denryoku:denryokur7-1-5,R07上,denryoku,問5,バイオマス発電の特徴や性質に関する空欄穴埋問題,
denryoku:denryokur6-2-5,R06下,denryoku,問5,地煦発電及びバイオマス発電に関する空欄穴埋問題,
denryoku:denryokur6-1-5,R06上,denryoku,問5,燃料電池の原理や特徴に関する論説問題,
denryoku:denryokur5-2-5,R05下,denryoku,問5,さまざまな分散型電源の特徴に関する論説問題,
denryoku:denryokur5-1-5,R05上,denryoku,問5,風力発電の特徴に関する論説問題,
denryoku:denryokur4-2-5,R4下,denryoku,問5,各新エネレギー発電の得失に関する論説問題,
denryoku:denryokur4-1-5,R4上,denryoku,問5,風力発電の構造と特徴に関する空欄穴埋問題,
denryoku:denryokur3-6,R3,denryoku,問6,分散型電源として設置される新エネレギー発電の特徴に関する論説問題,
denryoku:no-link-354,R2,denryoku,問5,太陽光発電設備の構成及び特徴に関する空欄穴埋問題,
denryoku:denryokur2-5,H30,denryoku,問5,風力発電所の軸出力に関する計算問題,
denryoku:denryokuh30-5,H29,denryoku,問5,地煦発電及びバイオマス発電に関する空欄穴埋問題,
denryoku:denryokuh28-5,H28,denryoku,問5,各種発電の原理に関する論説問題,
denryoku:denryokuh25-5,H25,denryoku,問5,太陽光発電に関する空欄穴埋問題,
denryoku:denryokuh24-5,H24,denryoku,問5,風力発電に関する論説問題,
denryoku:denryokuh23-5,H23,denryoku,問5,太陽光発電設備の特徴に関する空欄穴埋問題,
denryoku:denryokuh22-5,H22,denryoku,問5,風力発電における風速と出力の関係に関する空欄穴埋問題,
denryoku:denryokuh21-5,H21,denryoku,問5,バイオマス発電の特徴と課題に関する空欄穴埋問題,
denryoku:denryokuh20-5,H20,denryoku,問5,各新エネレギー発電の得失や利用状況に関する論説問題,
denryoku:denryokuh18-3,H18,denryoku,問3,各新エネレギー発電の特徴に関する論説問題,
denryoku:denryokur7-2-6,R07下,denryoku,問6,避雷器に使用される素子とその特徴に関する空欄穴埋問題,
denryoku:denryokur7-1-6,R07上,denryoku,問6,ガス絶縁開閉装置の特徴に関する論説問題,
denryoku:denryokur6-2-6,R06下,denryoku,問6,調相設備接続による無効電力の調整に関する空欄穴埋問題,
denryoku:denryokur6-2-7,R06下,denryoku,問7,計器用変成器の取扱い上の注意点に関する空欄穴埋問題,
denryoku:denryokur6-1-6,R06上,denryoku,問6,ガス絶縁開閉装置(GIS)に関する空欄穴埋問題,
denryoku:denryokur6-1-16,R06上,denryoku,問16,変圧器に設置する遮断器の定格遮断電流と変圧器の負荷分担に関する計算問題,
denryoku:denryokur5-2-6,R05下,denryoku,問6,変圧器のY-Y結線の特徴に関する空欄穴埋問題,
denryoku:denryokur5-1-7,R05上,denryoku,問7,変電所の計器用変成器に関する空欄穴埋問題,
denryoku:denryokur5-1-13,R05上,denryoku,問13,変圧器並行運転時の過負荷容量に関する計算問題,
denryoku:denryokur5-1-16,R05上,denryoku,問16,三相変圧器二次側に設ける遮断器の定格遮断電流に関する計算問題,
denryoku:denryokur4-2-6,R4下,denryoku,問6,三相変圧器の百分率リアガスの導出に関する計算問題,
denryoku:denryokur4-2-7,R4下,denryoku,問7,変圧器の結線方式の違いと特性に関する空欄穴埋問題,
denryoku:denryokur4-1-7,R4上,denryoku,問7,過電流継電器の各種限時特性と動作時間の関係に関する空欄穴埋問題,
denryoku:denryokur4-1-16,R4上,denryoku,問16,変圧器に設置する遮断器の定格遮断電流と変圧器の負荷分担に関する計算問題,
denryoku:denryokur3-7,R3,denryoku,問7,変電所の計器用変成器に関する空欄穴埋問題,
denryoku:denryokur3-8,R3,denryoku,問8,変電所で使用される断路器に関する論説問題,
denryoku:denryokur3-9,R3,denryoku,問9,変圧器故障時の過負荷運転に関する計算問題,
denryoku:denryokur2-7,R2,denryoku,問7,真空遮断器の特徴及び動作メカニズムに関する論説問題,
denryoku:denryokur2-9,R2,denryoku,問9,避雷器に使用される物質とその特徴に関する空欄穴埋問題,
denryoku:denryokur1-6,R01,denryoku,問6,ガス絶縁開閉装置の特徴に関する論説問題,
denryoku:denryokur1-7,R01,denryoku,問7,変電所の主な役割と用途上の分類に関する空欄穴埋問題,
denryoku:denryokur1-8,R01,denryoku,問8,保護継電器の動作時間に関する計算問題,
denryoku:denryokuh30-7,H30,denryoku,問7,変圧器の予防保全・劣化診断に関する論説問題,
denryoku:denryokuh30-12,H30,denryoku,問12,変圧器のV結線方式に関する論説問題,
denryoku:denryokuh29-7,H29,denryoku,問7,変圧器のY-Y結線方式の特徴に関する空欄穴埋問題,
denryoku:denryokuh28-6,H28,denryoku,問6,変圧器の並行運転時の過負荷容量に関する計算問題,
denryoku:denryokuh28-7,H28,denryoku,問7,各種遮断器の動作及び特徴に関する論説問題,
denryoku:denryokuh28-16,H28,denryoku,問16,事故時に流れる電流に関する計算問題,
denryoku:denryokuh27-7,H27,denryoku,問7,避雷器とその役割に関する空欄穴埋問題,
denryoku:denryokuh26-6,H26,denryoku,問6,配電用変電所の変圧器容量に関する計算問題,
denryoku:denryokuh25-6,H25,denryoku,問6,変圧器の結線方式として用いられるY－Y－Δ結線に関する論説問題,
denryoku:denryokuh24-6,H24,denryoku,問6,ガス絶縁開閉装置（ＧＩＳ）に関する空欄穴埋問題,
denryoku:denryokuh24-8,H24,denryoku,問8,調相設備による力率調整に関する空欄穴埋問題,
denryoku:denryokuh24-17,H24,denryoku,問17,変圧器の過負荷運転防止に関する計算問題,
denryoku:denryokuh23-10,H23,denryoku,問10,発変電所で使用される避雷器の特性や特徴に関する空欄穴埋問題,
denryoku:denryokuh22-6,H22,denryoku,問6,三相コンデンサを設置することによる配電線の力率改善に関する計算問題,
denryoku:denryokuh22-7,H22,denryoku,問7,大容量発電所の主変圧器の結線方式とその理由に関する空欄穴埋問題,
denryoku:denryokuh22-8,H22,denryoku,問8,中性点接地方式の目的や使用される電圧の違いに関する論説問題,
denryoku:denryokuh22-9,H22,denryoku,問9,変流器の特徴と取り扱い上の注意点に関する空欄穴埋問題,
denryoku:denryokuh22-16,H22,denryoku,問16,変圧器に設置する遮断器の定格遮断電流と変圧器の負荷分担に関する計算問題,
denryoku:denryokuh21-6,H21,denryoku,問6,電力系統における変電所の役割と機能に関する論説問題,
denryoku:denryokuh20-6,H20,denryoku,問6,変電所に設置される機器に関する論説問題,
denryoku:denryokuh20-8,H20,denryoku,問8,三相変圧器の百分率リアクタンスに関する計算問題,
denryoku:denryokuh19-6,H19,denryoku,問6,ガス絶縁開閉装置の特徴に関する論説問題,
denryoku:denryokuh19-16,H19,denryoku,問16,異容量 V 結線方式のベクトル図と過負荷にならない容量に関する計算問題,
denryoku:denryokuh18-4,H18,denryoku,問4,変電所に設置される機器に関する論説問題,
denryoku:denryokuh18-5,H18,denryoku,問5,変電所等に設置する調相設備に関する空欄穴埋問題,
kikai:kikaih25-2,H25,kikai,問2,直流発電機の誘導起電力に関する計算問題,
kikai:kikaih27-1,H27,kikai,問1,直流電動機の起電力に関する計算問題,
kikai:kikaih27-2,H27,kikai,問2,直流機の外部特性曲線に関する空欄穴埋問題,
kikai:kikair2-6,R2,kikai,問6,交流整流子モータの特徴に関する空欄穴埋問題,
kikai:kikair4-1-1,R4上,kikai,問1,直流電動機の特徴や特性に関する空欄穴埋問題,
kikai:kikaih18-1,H18,kikai,問1,直流機の磁極を通過する磁束の磁束密度に関する計算問題,
kikai:kikaih21-1,H21,kikai,問1,各直流発電機の特性に関する論説問題,
kikai:kikair7-2-1,R07下,kikai,問1,直流分巻電動機の速度特性とトルク特性に関する論説問題,
kikai:kikair7-2-2,R07下,kikai,問2,界磁に永久磁石を用いた小形直流電動機に関する計算問題,
kikai:kikair7-1-1,R07上,kikai,問1,様々な直流電動機の特性の違いに関する論説問題,
kikai:kikair7-1-2,R07上,kikai,問2,界磁に永久磁石を用いた小形直流電動機の効率に関する計算問題,
kikai:kikair6-2-1,R06下,kikai,問1,直流機の誘導起電力の発生原理に関する空欄穴埋問題,
kikai:kikair6-2-2,R06下,kikai,問2,直流電動機の電機子巻線の抵抗値に関する計算問題,
kikai:kikair6-1-1,R06上,kikai,問1,直流機の原理及び電機子反作用に関する空欄穴埋問題,
kikai:kikair6-1-2,R06上,kikai,問2,直流電動機の入力電圧を変化させたときの回転速度の変化に関する計算問題,
kikai:kikair5-2-1,R05下,kikai,問1,直流機の電機子反作用とその対策に関する論説問題,
kikai:kikair5-2-2,R05下,kikai,問2,界磁に永久磁石を用いた小形直流電動機の特性に関する計算問題,
kikai:kikair5-1-1,R05上,kikai,問1,直流機の構造と電機子巻線のつなぎ方に関する空欄穴埋問題,
kikai:kikair5-1-2,R05上,kikai,問2,界磁に永久磁石を用いた小形直流電動機の効率に関する計算問題,
kikai:kikair4-2-1,R4下,kikai,問1,直流機の構造や分類及び特性に関する論説問題,
kikai:kikair3-1,R3,kikai,問1,分巻及び直巻直流電動機の界磁磁束及びトルクの特性に関する空欄穴埋問題,
kikai:kikair3-2,R3,kikai,問2,直流分巻電動機の端子電圧を調整したときのトルク変化に関する計算問題,
kikai:kikair3-8,R3,kikai,問8,ブラシレスDCモータの特徴に関する論説問題,
kikai:kikair2-1,R2,kikai,問1,直流他励電動機の速度とトルク制御に関する空欄穴埋問題,
kikai:kikair2-2,R2,kikai,問2,界磁に永久磁石を用いた小形直流発電機の効率に関する計算問題,
kikai:kikair1-1,R01,kikai,問1,永久磁石界磁の直流電動機に関する計算問題,
kikai:kikair1-2,R01,kikai,問2,直流機の電機子反作用に関する論説問題,
kikai:kikair1-6,R01,kikai,問6,ブラシレスDCモータに関する空欄穴埋問題,
kikai:kikaih30-1,H30,kikai,問1,直流電動機の電機子電流の特徴に関する計算問題,
kikai:kikaih30-2,H30,kikai,問2,分巻発電機及び直巻発電機の特性に関する論説問題,
kikai:kikaih29-1,H29,kikai,問1,界磁に永久磁石を用いた小形直流電動機の効率に関する計算問題,
kikai:kikaih29-2,H29,kikai,問2,界磁に永久磁石を用いた直流機の回生制動に関する論説問題,
kikai:kikaih28-1,H28,kikai,問1,直流分巻電動機の回転速度に関する計算問題,
kikai:kikaih28-2,H28,kikai,問2,直流機の原理及び特徴に関する空欄穴埋問題,
kikai:kikaih26-1,H26,kikai,問1,直流電動機の特性に関する空欄穴埋問題,
kikai:kikaih26-2,H26,kikai,問2,直流発電機と電動機の負荷電流に関する計算問題,
kikai:kikaih25-1,H25,kikai,問1,分巻、直巻、複巻直流電動機に関する論説問題,
kikai:kikaih24-1,H24,kikai,問1,直流機の構造や構成に関する空欄穴埋問題,
kikai:kikaih24-2,H24,kikai,問2,直流他励電動機の特性に関する計算問題,
kikai:kikaih23-1,H23,kikai,問1,直流発電機の電機子反作用に関する空欄穴埋問題,
kikai:kikaih23-16,H23,kikai,問16,他励直流電動機の速度制御に関する計算問題,
kikai:kikaih22-1,H22,kikai,問1,直流電動機の回転速度とトルクの制御に関する空欄穴埋問題,
kikai:kikaih22-2,H22,kikai,問2,直流分巻発電機の固定損の導出に関する計算問題,
kikai:kikaih21-2,H21,kikai,問2,直流電動機の入力電圧を変化させたときの回転速度の変化に関する計算問題,
kikai:kikaih20-1,H20,kikai,問1,直流機に発生する誘導起電力の原理に関する空欄穴埋問題,
kikai:kikaih20-2,H20,kikai,問2,負荷が変化したときの直流分巻電動機の逆起電力に関する計算問題,
kikai:kikaih19-1,H19,kikai,問1,直流直巻電動機を無負荷で使用できない理由に関する論説問題,
kikai:kikaih19-2,H19,kikai,問2,直流分巻電動機の無負荷時の回転速度に関する計算問題,
kikai:kikaih18-15,H18,kikai,問15,直流分巻発電機の誘導起電力と効率に関する計算問題,
kikai:kikair7-2-3,R07下,kikai,問3,各種誘導電動機の始動法に関する空欄穴埋問題,
kikai:kikair7-2-4,R07下,kikai,問4,Y-Δ始動時のトルクからの定格運転時のトルクの導出に関する計算問題,
kikai:kikair7-1-3,R07上,kikai,問3,三相かご形誘導機の構造や特徴及び用途に関する論説問題,
kikai:kikair7-1-4,R07上,kikai,問4,三相かご形誘導電動機の回転速度変化に伴う電流の変化に関する計算問題,
kikai:kikair7-1-15,R07上,kikai,問15,三相誘導電動機のトルクと滑り，電圧の関係に関する計算問題,
kikai:kikair6-2-3,R06下,kikai,問3,巻線形誘導電動機のトルクと回転速度の関係に関する空欄穴埋問題,
kikai:kikair6-2-4,R06下,kikai,問4,三相誘導電動機の二次銅損の導出に関する計算問題,
kikai:kikair6-1-3,R06上,kikai,問3,三相誘導機の回転原理と特性に関する空欄穴埋問題,
kikai:kikair6-1-4,R06上,kikai,問4,インバータで駆動されている誘導電動機の回転速度に関する計算問題,
kikai:kikair6-1-15,R06上,kikai,問15,三相巻線形誘導電動機の滑りと回転速度に関する計算問題,
kikai:kikair5-2-3,R05下,kikai,問3,誘導機の速度制御に関する空欄穴埋問題,
kikai:kikair5-2-4,R05下,kikai,問4,Y-Δ始動時のトルクからの定格運転時のトルクの導出に関する計算問題,
kikai:kikair5-2-15,R05下,kikai,問15,電動機の滑り周波数と周波数特性に関する計算問題,
kikai:kikair5-1-3,R05上,kikai,問3,三相誘導電動機の誘導起電力の発生原理に関する空欄穴埋問題,
kikai:kikair5-1-4,R05上,kikai,問4,三相誘導電動機のトルクの導出に関する計算問題,
kikai:kikair4-2-2,R4下,kikai,問2,三相誘導電動機の軸出力の導出に関する計算問題,
kikai:kikair4-2-3,R4下,kikai,問3,三相誘導電動機の種類と構造に関する空欄穴埋問題,
kikai:kikair4-1-2,R4上,kikai,問2,三相誘導電動機の拘束試験結果からの始動電流の特定に関する計算問題,
kikai:kikair4-1-3,R4上,kikai,問3,三相巻線形誘導電動機の構造に関する空欄穴埋問題,
kikai:kikair3-3,R3,kikai,問3,三相誘導電動機の始動トルクと定格負荷運転時の効率に関する論説問題,
kikai:kikair3-4,R3,kikai,問4,誘導電動機の分類における，固定子と回転子に関する空欄穴埋問題,
kikai:kikair2-3,R2,kikai,問3,三相かご形誘導電動機の等価回路定数の測定に関する論説問題,
kikai:kikair2-15,R2,kikai,問15,三相誘導電動機の二次入力（同期ワット）と滑りの特性に関する計算問題,
kikai:kikair1-3,R01,kikai,問3,三相誘導電動機の効率に関する計算問題,
kikai:kikair1-4,R01,kikai,問4,誘導機の速度制御に関する空欄穴埋問題,
kikai:kikaih30-3,H30,kikai,問3,かご形誘導電動機のトルクに関する計算問題,
kikai:kikaih30-4,H30,kikai,問4,誘導電動機の始動方法に関する論説問題,
kikai:kikaih29-3,H29,kikai,問3,誘導機の滑りや出力、トルクの関係に関する空欄穴埋問題,
kikai:kikaih29-15,H29,kikai,問15,電動機の効率と比例推移に関する計算問題,
kikai:kikaih28-3,H28,kikai,問3,三相誘導電動機の原理に関する空欄穴埋問題,
kikai:kikaih28-4,H28,kikai,問4,かご形三相誘導電動機の入力に関する計算問題,
kikai:kikaih27-3,H27,kikai,問3,各種誘導電動機の原理や特徴に関する論説問題,
kikai:kikaih27-15,H27,kikai,問15,誘導電動機の諸計算に関する計算問題,
kikai:kikaih26-3,H26,kikai,問3,三相かご形誘導電動機に関する空欄穴埋問題,
kikai:kikaih26-4,H26,kikai,問4,三相かご形誘導電動機に関する計算問題,
kikai:kikaih26-6,H26,kikai,問6,三相誘導電動機の等価回路に関する空欄穴埋問題,
kikai:kikaih25-3,H25,kikai,問3,三相誘導電動機の回転磁界に関する論説問題,
kikai:kikaih25-4,H25,kikai,問4,巻線形誘導電動機の比例推移に関する計算問題,
kikai:kikaih24-3,H24,kikai,問3,誘導電動機のすべりや等価回路に関する論説問題,
kikai:kikaih24-4,H24,kikai,問4,三相誘導電動機の効率に関する計算問題,
kikai:kikaih24-5,H24,kikai,問5,電動機と負荷のトルク特性に関する空欄穴埋問題,
kikai:kikaih23-2,H23,kikai,問2,誘導電動機の始動法に関する空欄穴埋問題,
kikai:kikaih23-3,H23,kikai,問3,巻線形誘導電動機の機械負荷に関する計算問題,
kikai:kikaih23-5,H23,kikai,問5,同期電動機及び誘導電動機の特徴に関する論説問題,
kikai:kikaih22-3,H22,kikai,問3,三相誘導機の回転原理と特性に関する空欄穴埋問題,
kikai:kikaih22-4,H22,kikai,問4,巻線形三相誘導電動機のトルクの比例推移に関する計算問題,
kikai:kikaih21-3,H21,kikai,問3,三相誘導電動機の固定子と回転子に関する空欄穴埋問題,
kikai:kikaih21-6,H21,kikai,問6,三相誘導電動機を用いた電気車の駆動に関する空欄穴埋問題,
kikai:kikaih21-15,H21,kikai,問15,三相誘導電動機の発生トルクと効率に関する計算問題,
kikai:kikaih20-3,H20,kikai,問3,巻線形誘導電動機のトルクと回転速度の関係に関する空欄穴埋問題,
kikai:kikaih20-10,H20,kikai,問10,交流電動機の周波数制御に関する空欄穴埋問題,
kikai:kikaih20-15,H20,kikai,問15,三相誘導電動機の回転速度と滑り周波数に関する計算問題,
kikai:kikaih19-3,H19,kikai,問3,三相巻線形誘導電動機の構造に関する空欄穴埋問題,
kikai:kikaih19-4,H19,kikai,問4,インバータで駆動されている誘導電動機の回転速度に関する計算問題,
kikai:kikaih18-2,H18,kikai,問2,かご形誘導電動機の始動方法に関する空欄穴埋問題,
kikai:kikaih18-5,H18,kikai,問5,誘導電動機の速度制御法に関する空欄穴埋問題,
kikai:kikaih18-8,H18,kikai,問8,周波数が変化したときの誘導電動機の特性の変化に関する空欄穴埋問題,
kikai:kikaih18-16,H18,kikai,問16,三相かご形誘導電動機の二次銅損と一次入力に関する計算問題,
kikai:kikair7-2-5,R07下,kikai,問5,同期電動機の自己始動法に関する空欄穴埋問題,
kikai:kikair7-2-6,R07下,kikai,問6,三相同期発電機の同期インピーダンスの導出に関する計算問題,
kikai:kikair7-1-5,R07上,kikai,問5,同期発電機の並列運転の条件に関する空欄穴埋問題,
kikai:kikair7-1-6,R07上,kikai,問6,同期発電機の三相短絡事故時に発生する電流の大きさに関する計算問題,
kikai:kikair6-2-5,R06下,kikai,問5,水車発電機とタービン発電機の特徴に関する空欄穴埋問題,
kikai:kikair6-2-6,R06下,kikai,問6,三相同期発電機の三相短絡電流を流すのに必要な界磁電流に関する計算問題,
kikai:kikair6-2-7,R06下,kikai,問7,交流機における電機子巻線法に関する空欄穴埋問題,
kikai:kikair6-2-15,R06下,kikai,問15,三相同期発電機の同期インピーダンスと発電機出力に関する計算問題,
kikai:kikair6-1-5,R06上,kikai,問5,同期電動機の自己始動法に関する空欄穴埋問題,
kikai:kikair6-1-6,R06上,kikai,問6,同期電動機の誘導起電力の導出に関する計算問題,
kikai:kikair5-2-5,R05下,kikai,問5,円筒形三相同期電動機のベクトル図に関する正誤問題,
kikai:kikair5-2-6,R05下,kikai,問6,極数の異なる同期発電機の並行運転に関する計算問題,
kikai:kikair5-1-5,R05上,kikai,問5,三相同期発電機の短絡比の特性に関する論説問題,
kikai:kikair5-1-6,R05上,kikai,問6,三相同期発電機の無負荷誘導起電力の導出に関する計算問題,
kikai:kikair4-2-4,R4下,kikai,問4,三相同期電動機の位相特性に関する空欄穴埋問題,
kikai:kikair4-2-5,R4下,kikai,問5,三相同期発電機の短絡比の導出に関する計算問題,
kikai:kikair4-2-6,R4下,kikai,問6,永久磁石を使用した小形交流モータに関する空欄穴埋問題,
kikai:kikair4-2-7,R4下,kikai,問7,交流機における電機子巻線法に関する空欄穴埋問題,
kikai:kikair4-1-4,R4上,kikai,問4,三相同期発電機の並行運転に関する空欄穴埋問題,
kikai:kikair4-1-5,R4上,kikai,問5,三相同期発電機の短絡比の導出に関する計算問題,
kikai:kikair3-5,R3,kikai,問5,三相同期電動機の特性や構造に関する空欄穴埋問題,
kikai:kikair3-6,R3,kikai,問6,同期発電機の百分率同期インピーダンスの導出に関する計算問題,
kikai:kikair2-4,R2,kikai,問4,回転界磁形三相同期発電機の無負荷誘導起電力に関する空欄穴埋問題,
kikai:kikair2-5,R2,kikai,問5,三相同期電動機の力率と誘導起電力に関する計算問題,
kikai:kikair1-5,R01,kikai,問5,同期電動機の出力の特性に関する空欄穴埋問題,
kikai:kikair1-15,R01,kikai,問15,発電機の並行運転に関する計算問題,
kikai:kikaih30-5,H30,kikai,問5,同期発電機の種類と構造に関する空欄穴埋問題,
kikai:kikaih30-6,H30,kikai,問6,同期発電機の負荷角の導出に関する計算問題,
kikai:kikaih29-4,H29,kikai,問4,三相同期発電機の並列運転に関する論説問題,
kikai:kikaih29-5,H29,kikai,問5,三相同期発電機の特性に関する計算問題,
kikai:kikaih28-5,H28,kikai,問5,同期電動機の特性に関する空欄穴埋問題,
kikai:kikaih28-15,H28,kikai,問15,同期発電機の電圧計算に関する計算問題,
kikai:kikaih27-4,H27,kikai,問4,同期発電機の端子電圧に関する計算問題,
kikai:kikaih27-5,H27,kikai,問5,同期発電機の同期インピーダンスに関する計算問題,
kikai:kikaih26-5,H26,kikai,問5,三相同期発電機の電機子反作用に関する空欄穴埋問題,
kikai:kikaih26-15,H26,kikai,問15,三相同期電動機(星形結線)に関する計算問題,
kikai:kikaih25-5,H25,kikai,問5,一般的な三相同期電動機の始動方法に関する空欄穴埋問題,
kikai:kikaih25-6,H25,kikai,問6,同期発電機の同期インピーダンスに関する計算問題,
kikai:kikaih24-6,H24,kikai,問6,同期発電機の自己励磁現象に関する空欄穴埋問題,
kikai:kikaih24-16,H24,kikai,問16,三相同期電動機の内部誘導起電力と負荷角に関する計算問題,
kikai:kikaih23-4,H23,kikai,問4,同期発電機の出力端子間電圧に関する計算問題,
kikai:kikaih23-5~2,H23,kikai,問5,同期電動機及び誘導電動機の特徴に関する論説問題,
kikai:kikaih22-5,H22,kikai,問5,三相同期電動機の特徴とトルクの調整に関する空欄穴埋問題,
kikai:kikaih22-15,H22,kikai,問15,三相同期発電機の電機子電流及び出力に関する計算問題,
kikai:kikaih21-4,H21,kikai,問4,同期発電機の系統連系に関する空欄穴埋問題,
kikai:kikaih21-5,H21,kikai,問5,三相同期発電機の短絡比の導出に関する計算問題,
kikai:kikaih20-4,H20,kikai,問4,三相同期発電機の特性曲線に関する空欄穴埋問題,
kikai:kikaih20-5,H20,kikai,問5,同期機の内部誘導起電力の導出に関する計算問題,
kikai:kikaih19-5,H19,kikai,問5,三相同期発電機の同期インピーダンスの導出に関する計算問題,
kikai:kikaih19-15,H19,kikai,問15,三相同期電動機の角速度とトルクの導出に関する計算問題,
kikai:kikaih18-3,H18,kikai,問3,三相同期発電機の短絡比に関する計算問題,
kikai:kikaih18-4,H18,kikai,問4,同期電動機の位相特性曲線に関する論説問題,
kikai:kikair7-2-9,R07下,kikai,問9,単相変圧器の短絡試験からのリアクタンス値の導出に関する計算問題,
kikai:kikair7-2-15,R07下,kikai,問15,単相変圧器の鉄損及び定格運転時の銅損に関する計算問題,
kikai:kikair7-1-9,R07上,kikai,問9,変圧器の力率変化に伴う効率変化に関する計算問題,
kikai:kikair6-2-8,R06下,kikai,問8,単相単巻変圧器の各部の名称や特徴に関する空欄穴埋問題,
kikai:kikair6-2-9,R06下,kikai,問9,V-V 結線をしたときの負荷損の変化に関する計算問題,
kikai:kikair5-2-7,R05下,kikai,問7,電気機器に発生する損失の分類に関する空欄穴埋問題,
kikai:kikair5-2-8,R05下,kikai,問8,変圧器の各諸量の二次側換算に関する論説問題,
kikai:kikair5-2-9,R05下,kikai,問9,変圧器の基準温度換算への補正に関する計算問題,
kikai:kikair4-2-8,R4下,kikai,問8,単相変圧器の無負荷損と負荷損に関する計算問題,
kikai:kikair4-2-9,R4下,kikai,問9,変圧器の損失の種類と各損失の特性に関する論説問題,
kikai:kikair4-1-8,R4上,kikai,問8,短絡試験結果からの漏れリアクタンスの導出に関する計算問題,
kikai:kikair4-1-9,R4上,kikai,問9,いろいろな変圧器の用途及び特徴に関する論説問題,
kikai:kikair3-9,R3,kikai,問9,三相変圧器の損失及び電圧変動率に関する計算問題,
kikai:kikair3-15,R3,kikai,問15,単相変圧器の銅損及び最大効率に関する計算問題,
kikai:kikair2-8,R2,kikai,問8,変圧器の巻線や鉄心，冷媒等の構造や特徴に関する論説問題,
kikai:kikair2-9,R2,kikai,問9,誘導性負荷を接続した三相三巻線変圧器の供給電流に関する計算問題,
kikai:kikair1-7,R01,kikai,問7,電気機器の損失に関する空欄穴埋問題,
kikai:kikair1-8,R01,kikai,問8,単相変圧器の並行運転による循環電流に関する計算問題,
kikai:kikair1-9,R01,kikai,問9,変圧器の温度上昇試験の実施方法に関する問題,
kikai:kikaih30-9,H30,kikai,問9,単巻変圧器の自己容量に関する計算問題,
kikai:kikaih30-15,H30,kikai,問15,変圧器のインピーダンスと一次電圧の導出に関する計算問題,
kikai:kikaih29-7,H29,kikai,問7,結線方法が異なる変圧器の角変位に関する論説問題,
kikai:kikaih29-8,H29,kikai,問8,単相変圧器の力率1での運転時最大効率に関する計算問題,
kikai:kikaih28-7,H28,kikai,問7,変圧器及び計器用変成器に関する論説問題,
kikai:kikaih28-8,H28,kikai,問8,変圧器の巻線の抵抗値に関する計算問題,
kikai:kikaih27-7,H27,kikai,問7,三相電源に接続する変圧器に関する論説問題,
kikai:kikaih27-8,H27,kikai,問8,変圧器の巻数比の電流計算に関する計算問題,
kikai:kikaih26-7,H26,kikai,問7,単相変圧器の簡易等価回路に関する空欄穴埋問題,
kikai:kikaih26-8,H26,kikai,問8,単相変圧器の電圧変動に関する計算問題,
kikai:kikaih25-8,H25,kikai,問8,単相単巻変圧器に関する空欄穴埋問題,
kikai:kikaih25-15,H25,kikai,問15,変圧器の無負荷試験及び短絡試験に関する計算問題,
kikai:kikaih24-7,H24,kikai,問7,単相変圧器のリアクタンスの大きさに関する計算問題,
kikai:kikaih24-8,H24,kikai,問8,三相変圧器の並行運転に関する論説問題,
kikai:kikaih23-7,H23,kikai,問7,変圧器の損失と効率の特性に関する計算問題,
kikai:kikaih23-8,H23,kikai,問8,変圧器の一次二次巻線の結線方法とその特徴に関する論説問題,
kikai:kikaih23-15,H23,kikai,問15,変圧器の百分率インピーダンス降下と電圧変動率に関する計算問題,
kikai:kikaih22-8,H22,kikai,問8,接地変圧器の二次抵抗の一次換算値に関する計算問題,
kikai:kikaih21-7,H21,kikai,問7,Y-Δ 結線した変圧器の変圧比の導出に関する計算問題,
kikai:kikaih20-7,H20,kikai,問7,変圧器の磁束と電圧及び電圧と電流の関係に関する空欄穴埋問題,
kikai:kikaih20-8,H20,kikai,問8,変圧器の保護及び監視装置に関する空欄穴埋問題,
kikai:kikaih20-16,H20,kikai,問16,単相変圧器の鉄損及び銅損に関する計算問題,
kikai:kikaih19-6,H19,kikai,問6,電力を供給するために必要な単巻変圧器の自己容量に関する計算問題,
kikai:kikaih19-7,H19,kikai,問7,単相変圧器の短絡試験からのリアクタンス値の導出に関する計算問題,
kikai:kikaih18-6,H18,kikai,問6,負荷接続時の一次電流と定格一次電流の比に関する計算問題,
kikai:kikair7-2-10,R07下,kikai,問10,パワー半導体デバイスの動作に関する論説問題,
kikai:kikair7-2-16,R07下,kikai,問16,ダイオードを用いた三相整流装置に関する計算問題,
kikai:kikair7-1-10,R07上,kikai,問10,直流チョッパの平均出力電流に関する計算問題,
kikai:kikair7-1-16,R07上,kikai,問16,可逆チョッパによる他励直流機の駆動に関する計算問題,
kikai:kikair6-2-16,R06下,kikai,問16,降圧チョッパの原理と出力電流に関する計算問題,
kikai:kikair6-1-10,R06上,kikai,問10,単相半波整流回路の出力波形に関する空欄穴埋問題,
kikai:kikair6-1-16,R06上,kikai,問16,単相ブリッジ接続の電圧形インバータに関する計算問題,
kikai:kikair5-2-10,R05下,kikai,問10,パワー半導体デバイスの動作に関する論説問題,
kikai:kikair5-2-16,R05下,kikai,問16,降圧チョッパの原理と出力電流に関する計算問題,
kikai:kikair5-1-10,R05上,kikai,問10,スイッチングデバイスの比較に関する論説問題,
kikai:kikair5-1-16,R05上,kikai,問16,単相インバータの誘導性負荷への接続に関する論説問題,
kikai:kikair4-2-10,R4下,kikai,問10,出力電圧波形からの電力変換回路の選定に関する選択問題,
kikai:kikair4-2-16,R4下,kikai,問16,単相ブリッジ接続の電圧形インバータに関する計算問題,
kikai:kikair4-1-10,R4上,kikai,問10,降圧チョッパの構成デバイスの組合せに関する選択問題,
kikai:kikair4-1-16,R4上,kikai,問16,単相ブリッジ電圧形インバータに関する計算問題,
kikai:kikair3-11,R3,kikai,問11,昇降圧チョッパに関する論説問題,
kikai:kikair3-16,R3,kikai,問16,単相半波整流回路に関する空欄穴埋・計算問題,
kikai:kikair2-10,R2,kikai,問10,パワー半導体スイッチングデバイスに関する論説問題,
kikai:kikair2-16,R2,kikai,問16,単相インバータで交流を給電する回路に関する計算問題,
kikai:kikair1-10,R01,kikai,問10,単相サイリスタ整流回路に関する空欄穴埋問題,
kikai:kikair1-16,R01,kikai,問16,直流昇圧チョッパに関する計算問題,
kikai:kikaih30-11,H30,kikai,問11,直流を交流に変換する電力変換器に関する空欄穴埋問題,
kikai:kikaih30-16,H30,kikai,問16,降圧チョッパに関する計算問題,
kikai:kikaih29-10,H29,kikai,問10,パワー半導体デバイスに関する論説問題,
kikai:kikaih29-11,H29,kikai,問11,単相ダイオードブリッジ整流器に関する論説問題,
kikai:kikaih29-16,H29,kikai,問16,交流電力調整回路に関する計算問題,
kikai:kikaih28-9,H28,kikai,問9,直流チョッパに関する計算問題,
kikai:kikaih28-16,H28,kikai,問16,単相サイリスタ全波整流回路に関する計算問題,
kikai:kikaih27-9,H27,kikai,問9,電力変換器の出力電圧制御に関する空欄穴埋問題,
kikai:kikaih27-10,H27,kikai,問10,直流チョッパの平均電流に関する計算問題,
kikai:kikaih26-10,H26,kikai,問10,単相半波ダイオード整流回路に関する空欄穴埋問題,
kikai:kikaih26-16,H26,kikai,問16,直流チョッパに関する計算問題,
kikai:kikaih25-9,H25,kikai,問9,単相ダイオードブリッジ整流回路に関する空欄穴埋問題,
kikai:kikaih25-16,H25,kikai,問16,PWM制御に関する計算問題,
kikai:kikaih24-10,H24,kikai,問10,サイリスタによる全波整流回路に関する論説問題,
kikai:kikaih24-15,H24,kikai,問15,単相インバータに関する論説問題,
kikai:kikaih23-9,H23,kikai,問9,単相双方向サイリスタスイッチに関する論説問題,
kikai:kikaih23-10,H23,kikai,問10,パワー半導体デバイスに関する論説問題,
kikai:kikaih23-17,H23,kikai,問17,ダイオードを用いた三相整流装置に関する計算問題,
kikai:kikaih22-10,H22,kikai,問10,降圧チョッパのダイオードに流れる電流に関する論説問題,
kikai:kikaih22-16,H22,kikai,問16,単相全波整流回路の電圧・電流に関する計算問題,
kikai:kikaih21-9,H21,kikai,問9,リアクトルとコンデンサの働きに関する論説問題,
kikai:kikaih21-16,H21,kikai,問16,単相ブリッジ電圧形インバータの動作に関する計算問題,
kikai:kikaih20-9,H20,kikai,問9,IGBTの得失や特性に関する論説問題,
kikai:kikaih19-9,H19,kikai,問9,入力波形からの適切な電力変換回路の選定に関する選択問題,
kikai:kikaih19-10,H19,kikai,問10,無停電電源装置の構成と用途に関する空欄穴埋問題,
kikai:kikaih19-16,H19,kikai,問16,単相双方向サイリスタスイッチに関する計算・論説問題,
kikai:kikaih18-9,H18,kikai,問9,出力波形からの適切な電力変換回路の選定に関する選択問題,
kikai:kikair7-2-17,R07下,kikai,問17,直線光源の光束発散度と床面での水平面照度に関する計算問題,
kikai:kikair7-1-12,R07上,kikai,問12,駐車場の四隔にランプを設置したときの水平面照度に関する計算問題,
kikai:kikair6-2-17,R06下,kikai,問17,点光源の光度と床面の水平面照度に関する計算問題,
kikai:kikair6-1-17,R06上,kikai,問17,球形光源の光度・輝度と直下の水平面照度に関する計算問題,
kikai:kikair5-2-17,R05下,kikai,問17,２つの点光源を設置した際の水平面照度に関する計算問題,
kikai:kikair5-1-12,R05上,kikai,問12,光束，光度，照度，光速発散度，輝度の単位に関する空欄穴埋問題,
kikai:kikair4-2-17,R4下,kikai,問17,点光源の光度と床面の水平面照度に関する計算問題,
kikai:kikair2-12,R2,kikai,問12,空間の床面積と目標平均照度からの必要光源数の導出に関する計算問題,
kikai:kikaih30-17,H30,kikai,問17,光源直下及び距離が離れた場所での水平面照度に関する計算問題,
kikai:kikaih29-17,H29,kikai,問17,照度及び輝度の導出に関する計算問題,
kikai:kikaih27-16,H27,kikai,問16,LEDによる光度及び照度の導出に関する計算問題,
kikai:kikaih26-17,H26,kikai,問17,球形光源の基本公式に関する計算問題,
kikai:kikaih25-11,H25,kikai,問11,照明用LED(発光ダイオード)に関する空欄穴埋問題,
kikai:kikaih24-17,H24,kikai,問17,照明を間引きすることによる節電効果に関する計算問題,
kikai:kikaih23-11,H23,kikai,問11,照明用光源の性能評価とパワー半導体デバイスに関する論説問題,
kikai:kikaih22-17,H22,kikai,問17,異なる２個の光源を使用したときの水平面照度に関する計算問題,
kikai:kikaih21-11,H21,kikai,問11,ハロゲン電球の特徴や利用用途に関する空欄穴埋問題,
kikai:kikaih19-11,H19,kikai,問11,白熔電球による円形テーブルの平均照度に関する計算問題,
kikai:kikaih18-17,H18,kikai,問17,直線光源の光束発散度と床面での水平面照度に関する計算問題,
kikai:kikair7-2-12,R07下,kikai,問12,電気炉の炉壁を伝わる熱に関する計算問題 (Bài tính toán về nhiệt truyền qua tường,
kikai:kikair7-1-17,R07上,kikai,問17,電熱装置による水の融解と温度上昇に関する計算問題 (Bài tính toán về sự tan chảy và tă,
kikai:kikair6-2-12,R06下,kikai,問12,熱伝導によって壁を伝わる熱流に関する計算問題 (Bài tính toán về dòng nhiệt truyền q,
kikai:kikair6-1-12,R06上,kikai,問12,熱の伝導と電気の伝導の対応表に関する空欄穴埋問題 (Bài điền vào chỗ trống về bảng tươ,
kikai:kikair5-2-12,R05下,kikai,問12,"誘導加熱の原理や特徴，用途に関する論説問題 (Bài luận về nguyên lý, đặc điểm và ứn",
kikai:kikair5-1-17,R05上,kikai,問17,熱力学におけるオームの法則に関する計算問題 (Bài tính toán về định luật Ohm trong ,
kikai:kikair4-2-12,R4下,kikai,問12,様々な電気加熱の加熱方法に関する論説問題 誘電加熱 (Bài luận về các phương pháp gia n,
kikai:kikair4-1-17,R4上,kikai,問17,ヒートポンプ式電気給湯器による加温に関する計算問題 (Bài tính toán về gia nhiệt bằng m,
kikai:kikair3-17,R3,kikai,問17,熱の伝わり方及び熱力学のオームの法則に関する空欄穴埋・計算問題 (Bài điền và tính toán về cá,
kikai:kikair2-13,R2,kikai,問13,熱の伝導と電気の伝導の対応表に関する空欄穴埋問題 (Bài điền vào chỗ trống về bảng tươ,
kikai:kikair1-17,R01,kikai,問17,電気給湯器とヒートポンプに関する計算問題 (Bài tính toán về máy nước nóng điện và,
kikai:kikaih29-13,H29,kikai,問13,誘導加熱の用途や特徴に関する論説問題 (Bài luận về ứng dụng và đặc điểm của gia,
kikai:kikaih28-17,H28,kikai,問17,ヒートポンプ式電気給湯器に関する計算問題 (Bài tính toán về máy nước nóng điện ki,
kikai:kikaih27-13,H27,kikai,問13,各種電気加熱の特徴に関する空欄穴埋問題 (Bài điền vào chỗ trống về đặc điểm các ,
kikai:kikaih26-11,H26,kikai,問11,電子レンジ及び電磁波加熱に関する空欄穴埋問題 (Bài điền vào chỗ trống về lò vi sóng,
kikai:kikaih25-17,H25,kikai,問17,熱流及び放射伝熱に関する計算及び空欄穴埋問題 (Bài tính toán và điền vào chỗ trống ,
kikai:kikaih24-12,H24,kikai,問12,電気加熱の加熱方式やその特徴に関する空欄穴埋問題 (Bài điền vào chỗ trống về các phươ,
kikai:kikaih23-12,H23,kikai,問12,ヒートポンプの原理や成績係数に関する空欄穴埋問題 (Bài điền vào chỗ trống về nguyên l,
kikai:kikaih22-12,H22,kikai,問12,マイクロ波加熱の特徴に関する空欄穴埋問題 (Bài điền vào chỗ trống về đặc điểm của,
kikai:kikaih21-17,H21,kikai,問17,電気温水器とヒートポンプユニットに関する計算問題 (Bài tính toán về bình nước nóng đi,
kikai:kikaih20-12,H20,kikai,問12,ヒートポンプの原理や特徴に関する空欄穴埋問題 (Bài điền vào chỗ trống về nguyên lý ,
kikai:kikaih18-11,H18,kikai,問11,物体とその周囲の外界との間の熱の移動に関する空欄穴埋問題 (Bài điền vào chỗ trống về sự t,
kikai:kikair7-2-14,R07下,kikai,問14,プログラムを実行したときに出力される値に関する計算問題,
kikai:kikair7-1-14,R07上,kikai,問14,論理回路とタイムチャートの出力に関する計算問題,
kikai:kikair6-2-14,R06下,kikai,問14,論理回路とタイムチャートの出力に関する計算問題,
kikai:kikair6-2-18,R06下,kikai,問18,論理回路の真理値表及び出力に関する計算問題,
kikai:kikair6-1-14,R06上,kikai,問14,論理演算及び2進数から16進数への変換に関する計算問題,
kikai:kikair6-1-18,R06上,kikai,問18,N進法の演算及び２進法の出力電圧への換算に関する計算問題,
kikai:kikair5-2-14,R05下,kikai,問14,真理値表からの論理式の導出に関する計算問題,
kikai:kikair5-2-18,R05下,kikai,問18,ブロック線図の周波数伝達関数の導出に関する計算問題,
kikai:kikair5-1-14,R05上,kikai,問14,プログラムを実行したときに出力される値に関する計算問題,
kikai:kikair5-1-18,R05上,kikai,問18,マイクロプロセッサの動作クロックに関する計算問題,
kikai:kikair4-2-13,R4下,kikai,問13,さまざまな電気通信の説明に関する空欄穴埋問題,
kikai:kikair4-2-18,R4下,kikai,問18,使用電力量のデータ処理に関する空欄穴埋問題,
kikai:kikair4-1-13,R4上,kikai,問13,電気信号や光信号をやりとりする電気通信に関する論説問題,
kikai:kikair4-1-18,R4上,kikai,問18,論理回路の真理値表の導出及び出力に関する計算問題,
kikai:kikair3-14,R3,kikai,問14,2進数，10進数，16進数の関係に関する論説問題,
kikai:kikair3-18,R3,kikai,問18,記憶回路であるフリップフロップ回路に関する論説問題,
kikai:kikair2-14,R2,kikai,問14,真理値表からのブール代数の論理式の導出に関する計算問題,
kikai:kikair2-18,R2,kikai,問18,数値を並べ替えるプログラムのフローチャートに関する論説問題,
kikai:kikair1-14,R01,kikai,問14,2進数の演算に関する計算問題,
kikai:kikair1-18,R01,kikai,問18,ブール代数に関する計算問題,
kikai:kikaih30-14,H30,kikai,問14,論理回路の真理値表の導出に関する計算問題,
kikai:kikaih29-14,H29,kikai,問14,論理回路に関する空欄穴埋問題,
kikai:kikaih29-18,H29,kikai,問18,アルゴリズムに関する論説問題,
kikai:kikaih28-14,H28,kikai,問14,基数変換に関する計算問題,
kikai:kikaih28-18,H28,kikai,問18,論理回路の真理値表及び出力に関する論説問題,
kikai:kikaih27-14,H27,kikai,問14,論理回路の論理式の導出に関する計算問題,
kikai:kikaih27-18,H27,kikai,問18,コンピュータの構成及びICメモリに関する論説問題,
kikai:kikaih26-14,H26,kikai,問14,フローチャートに従って作成したプログラムに関する論説問題,
kikai:kikaih26-18,H26,kikai,問18,非同期式カウンタ回路に関する空欄穴埋問題,
kikai:kikaih25-14,H25,kikai,問14,論理回路の出力に関する計算問題,
kikai:kikaih25-18,H25,kikai,問18,ブール代数に関する計算問題,
kikai:kikaih24-14,H24,kikai,問14,論理回路の論理式に関する計算問題,
kikai:kikaih24-18,H24,kikai,問18,マイクロプロセッサの動作クロックに関する計算問題,
kikai:kikaih23-14,H23,kikai,問14,論理回路の真理値表の導出に関する論説問題,
kikai:kikaih23-18,H23,kikai,問18,カルノー図及び論理式の変換に関する計算問題,
kikai:kikaih22-14,H22,kikai,問14,真理値表を満たす論理回路に関する論説問題,
kikai:kikaih22-18,H22,kikai,問18,N進法の演算及び２進法の出力電圧値への換算に関する計算問題,
kikai:kikaih21-14,H21,kikai,問14,論理演算及び2進数と16進数の変換に関する計算問題,
kikai:kikaih21-18,H21,kikai,問18,JKフリップフロップを使用した論理回路に関する空欄穴埋問題,
kikai:kikaih20-14,H20,kikai,問14,計算機に使用される記憶装置に関する空欄穴埋問題,
kikai:kikaih20-18,H20,kikai,問18,使用電力量のデータ処理に関する空欄穴埋問題,
kikai:kikaih19-14,H19,kikai,問14,フリップフロップを含む論理回路の真理値表に関する論説問題,
kikai:kikaih19-18,H19,kikai,問18,D-A 変換器で行われる出力電圧の換算に関する計算問題,
kikai:kikaih18-14,H18,kikai,問14,真理値表からの論理式の導出に関する計算問題,
kikai:kikaih18-18,H18,kikai,問18,フリップフロップを含む回路に関する選択・空欄穴埋問題,
kikai:kikair6-1-7,R06上,kikai,問7,変圧器，直流機，誘導機，同期機の共通点に関する空欄穴埋問題,
kikai:kikair5-1-7,R05上,kikai,問7,各種電動機のトルク対速度特性曲線に関する論説問題,
kikai:kikair4-1-6,R4上,kikai,問6,ステッピングモータの特徴や用途に関する論説問題,
kikai:kikair4-1-7,R4上,kikai,問7,電源電圧及びトルク一定時の各種電動機の特性に関する論説問題,
kikai:kikair3-7,R3,kikai,問7,各種電動機の始動電流の抑制方法に関する空欄穴埋問題,
kikai:kikair2-7,R2,kikai,問7,各種電動機のトルク対速度特性曲線に関する論説問題,
kikai:kikaih30-8,H30,kikai,問8,変圧器，直流機，誘導機及び同期機の共通点や相違点に関する空欄穴埋問題,
kikai:kikaih29-6,H29,kikai,問6,回転機及び変圧器の共通点に関する空欄穴埋問題,
kikai:kikaih28-6,H28,kikai,問6,電動機のトルクに関する空欄穴埋問題,
kikai:kikaih27-6,H27,kikai,問6,各種小形モータの特徴や違いに関する空欄穴埋問題,
kikai:kikaih26-9,H26,kikai,問9,電動機の速度制御に関する空欄穴埋問題,
kikai:kikaih25-7,H25,kikai,問7,電動機を用いた駆動システムに関する論説問題,
kikai:kikaih23-6,H23,kikai,問6,交流電気機器の損失に関する空欄穴埋問題,
kikai:kikaih22-6,H22,kikai,問6,電気機器の磁束を利用する観点からの分類に関する空欄穴埋問題,
kikai:kikaih20-6,H20,kikai,問6,各種電動機の構造や特徴に関する空欄穴埋問題,
kikai:kikair7-2-7,R07下,kikai,問7,ステッピングモータの概要と種類に関する空欄穴埋問題,
kikai:kikair7-2-11,R07下,kikai,問11,電動機と減速機を組み合わせた負荷の駆動に関する計算問題,
kikai:kikair7-1-7,R07上,kikai,問7,スイッチトリラクタンスモータに関する空欄穴埋問題,
kikai:kikair7-1-11,R07上,kikai,問11,巻上機によって物体を巻き上げているときの巻上速度に関する計算問題,
kikai:kikair6-2-11,R06下,kikai,問11,電動機と減速機を組み合わせた負荷の駆動に関する計算問題,
kikai:kikair6-1-11,R06上,kikai,問11,巻上機によって巻き上げるのに必要な動力に関する計算問題,
kikai:kikair5-2-11,R05下,kikai,問11,はずみ車に蓄えられる運動エネルギーに関する計算問題,
kikai:kikair5-1-11,R05上,kikai,問11,電動機と減速機を組み合わせた負荷の駆動に関する計算問題,
kikai:kikair4-2-11,R4下,kikai,問11,水をくみ上げるために必要な電動機の入力に関する計算問題,
kikai:kikair4-1-11,R4上,kikai,問11,ロープ式エレベータに必要な電動機の出力に関する計算問題,
kikai:kikair3-10,R3,kikai,問10,物体を巻き上げるのに必要な巻上機の動力に関する計算問題,
kikai:kikair2-11,R2,kikai,問11,はずみ車が減速する際に放出した平均出力に関する計算問題,
kikai:kikair1-11,R01,kikai,問11,エレベータの速度と電動機出力の関係に関する計算問題,
kikai:kikaih30-7,H30,kikai,問7,ステッピングモータに関する空欄穴埋問題,
kikai:kikaih30-10,H30,kikai,問10,水力発電所の揚水動力に関する計算問題,
kikai:kikaih29-12,H29,kikai,問12,送風機など電動機の負荷の定常特性に関する空欄穴埋問題,
kikai:kikaih28-11,H28,kikai,問11,エレベータを上昇するための出力に関する計算問題,
kikai:kikaih27-12,H27,kikai,問12,電動機出力の導出に関する計算問題,
kikai:kikaih25-10,H25,kikai,問10,はずみ車に蓄えられる運動エネルギーに関する空欄穴埋問題,
kikai:kikaih24-11,H24,kikai,問11,電動機の運転に関する空欄穴埋問題,
kikai:kikaih22-11,H22,kikai,問11,エレベータの昇降に使用する電動機の出力に関する空欄穴埋問題,
kikai:kikaih21-10,H21,kikai,問10,誘導電動機によって回転する送風機のシステムに関する空欄穴埋問題,
kikai:kikaih20-11,H20,kikai,問11,電動機と減速機を組み合わせた負荷の駆動に関する計算問題,
kikai:kikaih18-10,H18,kikai,問10,水を汲み上げるのに必要な電動機入力に関する計算問題,
kikai:kikair7-2-8,R07下,kikai,問8,– (Dữ liệu gốc bị thiếu nội dung câu hỏi),
kikai:kikair7-1-8,R07上,kikai,問8,太陽光発電設備におけるパワーコンディショナに関する空欄穴埋問題,
kikai:kikair6-2-10,R06下,kikai,問10,太陽光発電用パワーコンディショナに関する論説問題,
kikai:kikair1-12,R01,kikai,問12,太陽光発電システムに関する空欄穴埋問題,
kikai:kikaih29-9,H29,kikai,問9,電力用コンデンサに関する空欄穴埋問題,
kikai:kikaih28-10,H28,kikai,問10,太陽光発電システムに関する空欄穴埋問題,
kikai:kikaih28-12,H28,kikai,問12,電池の動作及び特徴に関する論説問題,
kikai:kikaih27-11,H27,kikai,問11,太陽光発電システムに関する空欄穴埋問題,
kikai:kikaih24-9,H24,kikai,問9,太陽光発電設備におけるパワーコンディショナに関する空欄穴埋問題,
kikai:kikaih22-7,H22,kikai,問7,低圧進相コンデンサに接続する直列リアクタに関する計算問題,
kikai:kikaih22-9,H22,kikai,問9,真空遮断器の構造とその特徴及び用途に関する空欄穴埋問題,
kikai:kikaih21-8,H21,kikai,問8,進相コンデンサに接続するリアクタに関する空欄穴埋問題,
kikai:kikaih19-8,H19,kikai,問8,遮断器の用途や種類に関する空欄穴埋問題,
kikai:kikaih19-12,H19,kikai,問12,電気的に温度を測定する温度計に関する空欄穴埋問題,
kikai:kikaih18-7,H18,kikai,問7,雷サージや開閉サージに対する対策に関する空欄穴埋問題,
kikai:kikair7-2-13,R07下,kikai,問13,ブロック線図からの周波数伝達関数の導出に関する計算問題,
kikai:kikair7-2-18,R07下,kikai,問18,ブロック線図の伝達関数とゲイン特性に関する計算問題,
kikai:kikair7-1-13,R07上,kikai,問13,フィードバック制御系における安定性評価に関する空欄穴埋問題,
kikai:kikair7-1-18,R07上,kikai,問18,一巡伝達関数及びナイキスト線図に関する計算問題,
kikai:kikair6-2-13,R06下,kikai,問13,プロセス制御に用いられるPID制御に関する空欄穴埋問題,
kikai:kikair6-1-13,R06上,kikai,問13,機械，装置及び製造ラインなどの制御装置に関する空欄穴埋問題,
kikai:kikair5-2-13,R05下,kikai,問13,フィードバック制御系のボード線図に関する計算問題,
kikai:kikair5-1-13,R05上,kikai,問13,R-L直列回路の周波数伝達関数に関する計算問題,
kikai:kikair4-2-15,R4下,kikai,問15,周波数伝達関数とボード線図に関する計算問題,
kikai:kikair4-1-15,R4上,kikai,問15,一巡伝達関数及びナイキスト線図に関する計算問題,
kikai:kikair3-13,R3,kikai,問13,RC直列回路におけるゲイン特性や位相特性に関する空欄穴埋問題,
kikai:kikair2-17,R2,kikai,問17,ブロック線図と周波数伝達関数及びボード線図に関する計算問題,
kikai:kikair1-13,R01,kikai,問13,周波数伝達関数に関する計算問題,
kikai:kikaih30-13,H30,kikai,問13,ブロック線図の伝達関数に関する計算問題,
kikai:kikaih30-18,H30,kikai,問18,水力発電所のシーケンスに関する計算問題,
kikai:kikaih28-13,H28,kikai,問13,フィードバック制御の制御動作に関する空欄穴埋問題,
kikai:kikaih27-17,H27,kikai,問17,フィードバック制御の伝達関数に関する計算問題,
kikai:kikaih26-13,H26,kikai,問13,シーケンス制御に関する論説問題,
kikai:kikaih25-13,H25,kikai,問13,フィードバック制御の伝達関数に関する計算問題,
kikai:kikaih23-13,H23,kikai,問13,機械，装置及び製造ラインなどの制御装置に関する空欄穴埋問題,
kikai:kikaih22-13,H22,kikai,問13,電流センサを検出して制御するフィードバック制御に関する計算問題,
kikai:kikaih21-13,H21,kikai,問13,フィードフォワード制御とフィードバック制御に関する空欄穴埋問題,
kikai:kikaih20-17,H20,kikai,問17,ブロック線図の伝達関数と近似式に関する計算問題,
kikai:kikaih19-17,H19,kikai,問17,抵抗とコンデンサを組み合わせた回路の周波数伝達関数に関する計算問題,
kikai:kikaih18-13,H18,kikai,問13,R-L直列回路の周波数伝達関数に関する計算問題,
kikai:kikair4-1-12,R4上,kikai,問12,ナトリウムー硫黄電池に関する空欄穴埋問題,
kikai:kikair3-12,R3,kikai,問12,鉛蓄電池の構造と正極及び負極での化学反応に関する空欄穴埋問題,
kikai:kikaih30-12,H30,kikai,問12,リチウムイオン二次電池に関する空欄穴埋問題,
kikai:kikaih26-12,H26,kikai,問12,燃料電池のメカニズムに関する空欄穴埋問題,
kikai:kikaih25-12,H25,kikai,問12,電気めっきに関する空欄穴埋問題,
kikai:kikaih21-12,H21,kikai,問12,食塩電解の工業プロセスに関する空欄穴埋問題,
kikai:kikaih20-13,H20,kikai,問13,鉛蓄電池の正極・負極の化学反応に関する論説問題,
kikai:kikaih19-13,H19,kikai,問13,電気めっき法により析出する亜鈉の量に関する計算問題,
kikai:kikaih18-12,H18,kikai,問12,ニッケル・水素蓄電池の特徴に関する空欄穴埋問題,
kikai:kikair4-2-14,R4下,kikai,問14,メカトロニクスの概要と構成要素に関する空欄穴埋問題,
kikai:kikair4-1-14,R4上,kikai,問14,電子機械の構成と基礎技術に関する空欄穴埋問題,
houki:houkir7-2-1,R07下,houki,問1,「電気事業法」における電気の使用制限に関する空欄穴埋問題,
houki:houkir7-1-1,R07上,houki,問1,電気の需給状況が悪化した場合の対応に関する空欄穴埋問題,
houki:houkir6-1-1,R06上,houki,問1,事業用電気工作物の技術基準への適合に関する空欄穴埋問題,
houki:houkir5-2-1,R05下,houki,問1,自家用電気工作物設置者が保安規程に定める事項に関する空欄穴埋問題,
houki:houkir4-2-1,R4下,houki,問1,大規模な事業者のみが保安規程に記載すべき事項に関する空欄穴埋問題,
houki:houkir4-1-1,R4上,houki,問1,受電電圧７０００V以下の需要設備の保安体系に関する空欄穴埋問題,
houki:houkir4-1-9,R4上,houki,問9,電気の需給状況が悪化した場合の対応に関する空欄穴埋問題,
houki:houkir3-1,R3,houki,問1,「電気事業法」に基づく調査の義務に関する空欄穴埋問題,
houki:houkir2-1,R2,houki,問1,「電気事業法」における主任技術者に関する空欄穴埋問題,
houki:houkir1-1,R01,houki,問1,「電気事業法」に基づく電気事業に関する空欄穴埋問題,
houki:houkir1-2,R01,houki,問2,事業用電気工作物を設置する者が行う検査に関する空欄穴埋問題,
houki:houkih30-1,H30,houki,問1,「電気事業法」における自家用電気工作物に関する空欄穴埋問題,
houki:houkih30-2,H30,houki,問2,太陽電池発電所等の設置に係る電気事業法の取扱いに関する論説問題,
houki:houkih29-1,H29,houki,問1,事業用電気工作物の技術基準への適合に関する空欄穴埋問題,
houki:houkih29-10,H29,houki,問10,再生可能エネルギーの建設計画に関する論説問題,
houki:houkih28-1,H28,houki,問1,自家用電気工作物に係る事業場に関する論説問題,
houki:houkih28-10,H28,houki,問10,自家用電気工作物を設置する際の保安規程に関する空欄穴埋問題,
houki:houkih27-1,H27,houki,問1,「電気事業法」に規定される自家用電気工作物に関する空欄穴埋問題,
houki:houkih26-1,H26,houki,問1,送電線路及び配電線路の定義に関する空欄穴埋問題,
houki:houkih26-5,H26,houki,問5,電気事業法及び施行規則に基づく，電圧の維持に関する空欄穴埋問題,
houki:houkih25-1,H25,houki,問1,「電気事業法」における主任技術者に関する論説問題,
houki:houkih25-2,H25,houki,問2,事業用電気工作物の工事計画の事前届出に関する論説問題,
houki:houkih24-1,H24,houki,問1,「電気事業法」における電気の使用制限等に関する空欄穴埋問題,
houki:houkih24-2,H24,houki,問2,「電気事業法」に基づく立入検査に関する空欄穴埋問題,
houki:houkih24-3,H24,houki,問3,電気事業法及び電気設備技術基準に基づく公害の防止に関する論説問題,
houki:houkih23-1,H23,houki,問1,電気事業法における電気主任技術者の選任に関する論説問題,
houki:houkih23-2,H23,houki,問2,「電気事業法」における，技術基準適合命令に関する空欄穴埋問題,
houki:houkih22-1,H22,houki,問1,太陽光発電所の出力の違いによる手続きの違いに関する空欄穴埋問題,
houki:houkih21-1,H21,houki,問1,「電気事業法」の目的に関する空欄穴埋問題,
houki:houkih21-2,H21,houki,問2,「電気事業法」に基づく一般用電気工作物の定義に関する論説問題,
houki:houkih21-3,H21,houki,問3,保安規程において定めるべき事項に関する空欄穴埋問題,
houki:houkih21-10,H21,houki,問10,電圧及び周波数の値に関する空欄穴埋問題,
houki:houkih20-4,H20,houki,問4,自家用電気工作物を設置する場合の保安規程に関する空欄穴埋問題,
houki:houkih20-5,H20,houki,問5,事業用電気工作物の維持に関する空欄穴埋問題,
houki:houkih19-1,H19,houki,問1,登録調査機関による一般用電気工作物の調査の義務に関する空欄穴埋問題,
houki:houkih19-2,H19,houki,問2,事業用電気工作物の工事計画の事前届出に関する論説問題,
houki:houkih19-3,H19,houki,問3,一般用電気工作物に該当する小規模発電設備に関する空欄穴埋問題,
houki:houkih18-1,H18,houki,問1,「電気事業法」に基づく技術基準適合命令に関する空欄穴埋問題,
houki:houkih18-2,H18,houki,問2,電気事業法に関連する様々な条文に関する論説問題,
houki:houkir6-2-2,R06下,houki,問2,電気工事士法で規定されている電気工事の作業内容に関する論説問題,
houki:houkih29-2,H29,houki,問2,"目的,特種電気工事及び簡易電気工事に関する空欄穴埋問題",
houki:houkih26-3,H26,houki,問3,電気工作物に係る電気工事の作業に従事する者に関する論説問題,
houki:houkih22-2,H22,houki,問2,電気事業法との自家用電気工作物の定義の違いに関する空欄穴埋問題,
houki:houkih20-3,H20,houki,問3,電気工事士法で規定されている電気工事の作業内容に関する論説問題,
houki:houkih18-2~2,H18,houki,問2,電気事業法に関連する様々な条文に関する論説問題,
houki:houkir3-2,R3,houki,問2,電気工事業の業務の適正化に関する法律に関する論説問題,
houki:houkih26-4,H26,houki,問4,「電気工事業法」に規定されている電気工事業者に関する空欄穴埋問題,
houki:houkih27-2,H27,houki,問2,「電気用品安全法」に基づく電気用品の電線に関する空欄穴埋問題,
houki:houkih20-1,H20,houki,問1,電気用品安全法で規定されている目的と定義に関する論説問題,
houki:houkir7-1-2,R07上,houki,問2,自家用電気工作物を設置する事業場の事故報告に関する論説問題,
houki:houkir6-1-2,R06上,houki,問2,自家用電気工作物を設置する事業場の事故報告に関する論説問題,
houki:houkir5-1-2,R05上,houki,問2,事故の定義及び事故報告に関する空欄穴埋問題,
houki:houkir2-2,R2,houki,問2,「電気関係報告規則」に基づく，事故報告に関する空欄穴埋問題,
houki:houkih26-2,H26,houki,問2,自家用電気工作物を設置する者の報告に関する空欄穴埋問題,
houki:houkih22-3,H22,houki,問3,自家用電気工作物を設置する事業場の事故報告に関する論説問題,
houki:houkih21-4,H21,houki,問4,公害等の防止，公害防止等に関する届出に関する空欄穴埋問題,
houki:houkih20-2,H20,houki,問2,「電気関係報告規則」の事故報告に関する空欄穴埋問題,
houki:houkih20-8,H20,houki,問8,PCB電気工作物の取扱いに関する空欄穴埋問題,
houki:houkir7-2-3,R07下,houki,問3,電気設備の保安原則に関する空欄穴埋問題,
houki:houkir7-2-5,R07下,houki,問5,低圧電線路の絶縁性能に関する空欄穴埋・計算問題,
houki:houkir7-2-8,R07下,houki,問8,感電，火災等の防止に関する空欄穴埋問題,
houki:houkir7-1-3,R07上,houki,問3,電気の供給のための低圧電線路の絶縁性能に関する空欄穴埋問題,
houki:houkir6-2-5,R06下,houki,問5,電気機械器具の電磁誘導作用の影響防止に関する空欄穴埋問題,
houki:houkir6-2-8,R06下,houki,問8,電技及びその解説における移動電線の施設に関する空欄穴埋問題,
houki:houkir6-1-3,R06上,houki,問3,「光ファイバケーブル」の定義に関する空欄穴埋問題,
houki:houkir6-1-8,R06上,houki,問8,低圧の電路の絶縁性能に関する空欄穴埋問題,
houki:houkir5-2-5,R05下,houki,問5,地中電線路の危険の防止及び保護に関する空欄穴埋問題,
houki:houkir5-2-8,R05下,houki,問8,電気さくの施設方法に関する空欄穴埋問題,
houki:houkir5-1-3,R05上,houki,問3,過電流からの電線及び電気機械器具の保護対策に関する空欄穴埋問題,
houki:houkir5-1-5,R05上,houki,問5,支持物の倒壊の防止に関する空欄穴埋問題,
houki:houkir5-1-8,R05上,houki,問8,電気使用場所での配線の使用電線に関する空欄穴埋問題,
houki:houkir4-2-3,R4下,houki,問3,高圧以上の電気機械器具の危険の防止に関する空欄穴埋問題,
houki:houkir4-2-4,R4下,houki,問4,電気供給のための電気設備の施設に関する空欄穴埋問題,
houki:houkir4-1-2,R4上,houki,問2,サイバーセキュリティの確保に関する空欄穴埋問題,
houki:houkir4-1-6,R4上,houki,問6,無線設備への障害の防止に関する空欄穴埋問題,
houki:houkir3-3,R3,houki,問3,電磁誘導作用による人の健康影響の防止に関する空欄穴埋問題,
houki:houkir3-7,R3,houki,問7,特殊場所における施設制限に関する空欄穴埋問題,
houki:houkir2-3,R2,houki,問3,使用電圧が6600Vの交流電路の絶縁性能に関する空欄穴埋問題,
houki:houkir2-4,R2,houki,問4,架空電線路からの誘導作用による感電防止に関する空欄穴埋問題,
houki:houkir2-7,R2,houki,問7,引込線における用語の定義に関する空欄穴埋問題,
houki:houkir1-3,R01,houki,問3,「電気設備技術基準」の総則に関する論説問題,
houki:houkir1-4,R01,houki,問4,支持物の倒壊の防止に関する空欄穴埋問題,
houki:houkih30-3,H30,houki,問3,地中電線の危険防止及び保護に関する空欄穴埋問題,
houki:houkih30-4,H30,houki,問4,電気使用場所における異常時の保護対策に関する論説問題,
houki:houkih29-3,H29,houki,問3,公害等の防止に関する空欄穴埋問題,
houki:houkih29-4,H29,houki,問4,ガス絶縁機器等の危険の防止に関する空欄穴埋問題,
houki:houkih28-4,H28,houki,問4,移動電線の施設に関する空欄穴埋問題,
houki:houkih28-9,H28,houki,問9,電気さくの施設に関する空欄穴埋問題,
houki:houkih27-3,H27,houki,問3,電磁誘導作用による影響の防止に関する空欄穴埋問題,
houki:houkih27-4,H27,houki,問4,高圧及び特別高圧の電路の避雷器等の施設に関する空欄穴埋問題,
houki:houkih26-6,H26,houki,問6,低圧の電路の絶縁性能に関する空欄穴埋問題,
houki:houkih25-3,H25,houki,問3,電気使用場所での配線の使用電線に関する空欄穴埋問題,
houki:houkih24-5,H24,houki,問5,「電気設備技術基準」における電路の絶縁に関する論説問題,
houki:houkih23-3,H23,houki,問3,電気設備の保安原則に関する空欄穴埋問題,
houki:houkih23-4,H23,houki,問4,電気設備技術基準に基づく電線の接続に関する論説問題,
houki:houkih23-5,H23,houki,問5,常時監視をしない発電所等の施設に関する空欄穴埋問題,
houki:houkih21-4~2,H21,houki,問4,公害等の防止，公害防止等に関する届出に関する空欄穴埋問題,
houki:houkih20-8~2,H20,houki,問8,PCB電気工作物の取扱いに関する空欄穴埋問題,
houki:houkih19-4,H19,houki,問4,低圧電線路の絶縁性能に関する空欄穴埋・計算問題,
houki:houkih19-5,H19,houki,問5,発電所等への取扱者以外の者の立入の防止に関する空欄穴埋問題,
houki:houkih19-6,H19,houki,問6,発電機等の機械的強度に関する空欄穴埋問題,
houki:houkih19-7,H19,houki,問7,異常時の保護対策に関する空欄穴埋問題,
houki:houkih18-2~3,H18,houki,問2,電気事業法に関連する様々な条文に関する論説問題,
houki:houkih18-3,H18,houki,問3,地中電線等の施設に関する空欄穴埋問題,
houki:houkih18-4,H18,houki,問4,非常用予備電源の施設に関する空欄穴埋問題,
houki:houkih18-5,H18,houki,問5,配線の感電又は火災の防止に関する空欄穴埋問題,
houki:houkir7-2-4,R07下,houki,問4,電気設備の接地に関する論説問題,
houki:houkir7-2-6,R07下,houki,問6,高圧屋側電線路の施設に関する空欄穴埋問題,
houki:houkir7-2-7,R07下,houki,問7,国際規格の取り入れに関する空欄穴埋問題,
houki:houkir7-2-9,R07下,houki,問9,電気自動車から電気を供給する設備の施設に関する空欄穴埋問題,
houki:houkir7-1-4,R07上,houki,問4,アークを生じる器具の施設に関する空欄穴埋問題,
houki:houkir7-1-6,R07上,houki,問6,低圧架空引込線等の施設に関する空欄穴埋問題,
houki:houkir7-1-7,R07上,houki,問7,高圧連系時の系統連系用保護装置に関する空欄穴埋問題,
houki:houkir7-1-8,R07上,houki,問8,低圧配線及び高圧配線の施設に関する空欄穴埋問題,
houki:houkir7-1-9,R07上,houki,問9,低圧屋内配線の金属ダクト工事に関する空欄穴埋問題,
houki:houkir6-2-6,R06下,houki,問6,地中電線と他の地中電線等との接近又は交差に関する論説問題,
houki:houkir6-2-7,R06下,houki,問7,分散型電源における再閉路時の事故防止に関する空欄穴埋問題,
houki:houkir6-2-8~2,R06下,houki,問8,電技及びその解説における移動電線の施設に関する空欄穴埋問題,
houki:houkir6-2-9,R06下,houki,問9,電動機の過負荷保護装置の施設に関する空欄穴埋問題,
houki:houkir6-1-4,R06上,houki,問4,高圧の機械器具の施設に関する論説問題,
houki:houkir6-1-6,R06上,houki,問6,高圧架空引込線の施設に関する空欄穴埋問題,
houki:houkir6-1-7,R06上,houki,問7,高圧連系時の系統連系用保護装置に関する空欄穴埋問題,
houki:houkir6-1-9,R06上,houki,問9,配線器具の施設に関する空欄穴埋問題,
houki:houkir5-2-4,R05下,houki,問4,高圧の機械器具の施設に関する論説問題,
houki:houkir5-2-6,R05下,houki,問6,取扱者が支持物昇降に使用する足場金具等に関する論説問題,
houki:houkir5-2-7,R05下,houki,問7,分散型電源の系統連系設備に係る用語の定義に関する論説問題,
houki:houkir5-2-9,R05下,houki,問9,ライティングダクト工事での屋内配線の施設に関する論説問題,
houki:houkir5-1-4,R05上,houki,問4,太陽電池モジュールの絶縁性能に関する空欄穴埋問題,
houki:houkir5-1-6,R05上,houki,問6,地中電線と他の地中電線等との接近又は交差に関する空欄穴埋問題,
houki:houkir5-1-7,R05上,houki,問7,分散型電源の低圧及び高圧連系時の施設要件に関する空欄穴埋問題,
houki:houkir5-1-9,R05上,houki,問9,住宅及び住宅以外の場所の屋内電路の対地電圧に関する論説問題,
houki:houkir4-2-4~2,R4下,houki,問4,電気供給のための電気設備の施設に関する空欄穴埋問題,
houki:houkir4-2-5,R4下,houki,問5,低高圧架空電線等の併架に関する空欄穴埋問題,
houki:houkir4-2-6,R4下,houki,問6,高圧屋内配線に関する空欄穴埋問題,
houki:houkir4-2-7,R4下,houki,問7,低圧屋内配線の金属ダクト工事に関する空欄穴埋問題,
houki:houkir4-2-8,R4下,houki,問8,分散型電源の系統連系設備に関する空欄穴埋問題,
houki:houkir4-1-3,R4上,houki,問3,高圧架空電線路に施設する機械器具等の接地工事に関する論説問題,
houki:houkir4-1-4,R4上,houki,問4,高圧屋側電線路の施設に関する論説問題,
houki:houkir4-1-5,R4上,houki,問5,電線路の接近状態（用語の定義）に関する空欄穴埋問題,
houki:houkir4-1-7,R4上,houki,問7,水中照明の施設に関する空欄穴埋問題,
houki:houkir3-4,R3,houki,問4,高圧及び特別高圧の電路に施設する避雷器に関する論説問題,
houki:houkir3-5,R3,houki,問5,発電機の保護装置に関する空欄穴埋問題,
houki:houkir3-6,R3,houki,問6,高圧架空電線に適用される高圧保安工事に関する空欄穴埋問題,
houki:houkir3-8,R3,houki,問8,住宅及び住宅以外の場所の屋内電路の対地電圧に関する論説問題,
houki:houkir3-9,R3,houki,問9,分散型電源の低圧及び高圧連系時の施設要件に関する空欄穴埋問題,
houki:houkir2-3~2,R2,houki,問3,使用電圧が6600Vの交流電路の絶縁性能に関する空欄穴埋問題,
houki:houkir2-5,R2,houki,問5,地中電線路の施設方法に関する論説問題,
houki:houkir2-6,R2,houki,問6,低圧屋内配線の施設場所による工事の種類に関する空欄穴埋問題,
houki:houkir2-7~2,R2,houki,問7,引込線における用語の定義に関する空欄穴埋問題,
houki:houkir2-8,R2,houki,問8,遊戲用電車，電気浴器等特殊機器の施設に関する空欄穴埋問題,
houki:houkir2-9,R2,houki,問9,低圧用の配線器具の施設に関する空欄穴埋問題,
houki:houkir2-10,R2,houki,問10,分散型電源の高圧連系時の系統連系用保護装置に関する空欄穴埋問題,
houki:houkir1-5,R01,houki,問5,低圧配線及び高圧配線の施設に関する空欄穴埋問題,
houki:houkir1-6,R01,houki,問6,接地工事の工事例に関する論説問題,
houki:houkir1-7,R01,houki,問7,常時監視をしない発電所の施設に関する論説問題,
houki:houkir1-8,R01,houki,問8,低高圧架空電線の施設に関する論説問題,
houki:houkir1-9,R01,houki,問9,分散型電源の系統連系設備に関する論説問題,
houki:houkih30-5,H30,houki,問5,接地工事の種類及び施工方法に関する空欄穴埋問題,
houki:houkih30-6,H30,houki,問6,発電所等への取扱者以外の者の立入の禁止に関する空欄穴埋問題,
houki:houkih30-7,H30,houki,問7,架空電線路の支持物の昇塔防止に関する空欄穴埋問題,
houki:houkih30-8,H30,houki,問8,電動機の過負荷保護装置の施設に関する空欄穴埋問題,
houki:houkih30-9,H30,houki,問9,分散型電源の連系時の系統連系用保護装置に関する空欄穴埋問題,
houki:houkih29-6,H29,houki,問6,用語の定義に関する空欄穴埋問題,
houki:houkih29-7,H29,houki,問7,低圧幹線の施設に関する空欄穴埋問題,
houki:houkih29-8,H29,houki,問8,架空弱電流電線路への通信障害の防止に関する空欄穴埋問題,
houki:houkih29-9,H29,houki,問9,低圧連系時の系統連系用保護装置に関する空欄穴埋問題,
houki:houkih28-2,H28,houki,問2,接地工事に関する空欄穴埋問題,
houki:houkih28-3,H28,houki,問3,高圧の機械器具の施設の工事例に関する論説問題,
houki:houkih28-4~2,H28,houki,問4,移動電線の施設に関する空欄穴埋問題,
houki:houkih28-5,H28,houki,問5,蓄電池の保護装置に関する空欄穴埋問題,
houki:houkih28-6,H28,houki,問6,太陽電池モジュールの絶縁性能及び電線に関する空欄穴埋問題,
houki:houkih28-7,H28,houki,問7,高圧架空引込線の施設に関する空欄穴埋問題,
houki:houkih28-8,H28,houki,問8,地中電線と他の地中電線等との接近又は交差に関する空欄穴埋問題,
houki:houkih28-9~2,H28,houki,問9,電気さくの施設に関する空欄穴埋問題,
houki:houkih28-11,H28,houki,問11,地絡遮断装置に関する論説問題,
houki:houkih27-5,H27,houki,問5,変圧器に施す接地工事に関する空欄穴埋問題,
houki:houkih27-6,H27,houki,問6,常時監視をしない発電所に関する空欄穴埋問題,
houki:houkih27-7,H27,houki,問7,低高圧架空電線の高さ及び建造物等との離隔距離に関する論説問題,
houki:houkih27-8,H27,houki,問8,爆発するおそれがある場所の屋内配線に関する論説問題,
houki:houkih27-9,H27,houki,問9,分散型電源の系統連系設備に係る用語の定義に関する空欄穴埋問題,
houki:houkih26-7,H26,houki,問7,接触防護措置及び簡易接触防護措置に関する空欄穴埋問題,
houki:houkih26-9,H26,houki,問9,高圧屋側電線路を施設する場合に関する空欄穴埋問題,
houki:houkih26-10,H26,houki,問10,過電流遮断器の保護協調に関する空欄穴埋問題,
houki:houkih25-4,H25,houki,問4,金属製外箱の接地工事に関する空欄穴埋問題,
houki:houkih25-5,H25,houki,問5,アークを生じる器具の施設に関する空欄穴埋問題,
houki:houkih25-6,H25,houki,問6,電路に施設する過電流遮断器に関する空欄穴埋問題,
houki:houkih25-7,H25,houki,問7,地中電線路の施設に関する論説問題,
houki:houkih25-8,H25,houki,問8,住宅の屋内電路の対地電圧の制限に関する空欄穴埋問題,
houki:houkih25-9,H25,houki,問9,電気設備の技術基準への国際規格の取り入れに関する空欄穴埋問題,
houki:houkih24-6,H24,houki,問6,「電気設備技術基準の解釈」に基づく接地工事に関する論説問題,
houki:houkih24-7,H24,houki,問7,取扱者が昇降に使用する足場金具等に関する論説問題,
houki:houkih24-8,H24,houki,問8,高圧保安工事に関する空欄穴埋問題,
houki:houkih24-9,H24,houki,問9,低圧屋内配線の電線及び遮断器に関する計算問題,
houki:houkih23-4~2,H23,houki,問4,電気設備技術基準に基づく電線の接続に関する論説問題,
houki:houkih23-6,H23,houki,問6,分散型電源の系統連系設備に係る用語の定義に関する論説問題,
houki:houkih23-7,H23,houki,問7,低圧架空引込線の施設に関する空欄穴埋問題,
houki:houkih23-8,H23,houki,問8,特殊施設に電気を供給する変圧器等に関する論説問題,
houki:houkih23-9,H23,houki,問9,ライティングダクト工事での低圧屋内配線に関する論説問題,
houki:houkih22-4,H22,houki,問4,屋外に施設する移動電線の施設に関する空欄穴埋問題,
houki:houkih22-5,H22,houki,問5,高圧及び特別高圧の電路中の避雷器の施設に関する論説問題,
houki:houkih22-6,H22,houki,問6,低圧屋内幹線の施設に関する空欄穴埋問題,
houki:houkih22-7,H22,houki,問7,地中電線路の施設に関する空欄穴埋問題,
houki:houkih22-9,H22,houki,問9,金属管工事による低圧屋内配線の施工方法に関する論説問題,
houki:houkih21-5,H21,houki,問5,低圧電路に使用する配線用遮断器の規格に関する空欄穴埋問題,
houki:houkih21-6,H21,houki,問6,高圧用の機械器具を施設することができる場合に関する論説問題,
houki:houkih21-7,H21,houki,問7,第１次及び第２次接近状態に関する空欄穴埋問題,
houki:houkih21-8,H21,houki,問8,太陽電池発電所の施設に関する空欄穴埋問題,
houki:houkih20-7,H20,houki,問7,ケーブルを使用する交流電路の絶縁耐力試験に関する空欄穴埋問題,
houki:houkih20-9,H20,houki,問9,B種接地工事を施す主たる目的に関する論説問題,
houki:houkih20-10,H20,houki,問10,発電機の保護装置に関する空欄穴埋問題,
houki:houkih19-8,H19,houki,問8,高圧保安工事に関する空欄穴埋問題,
houki:houkih19-9,H19,houki,問9,低圧幹線の施設に関する空欄穴埋問題,
houki:houkih18-6,H18,houki,問6,太陽電池モジュールの絶縁耐力に関する空欄穴埋問題,
houki:houkih18-7,H18,houki,問7,住宅の屋内電路の対地電圧の制限に関する空欄穴埋問題,
houki:houkih18-8,H18,houki,問8,高圧屋内配線等の施設に関する空欄穴埋問題,
houki:houkir7-2-5~2,R07下,houki,問5,低圧電線路の絶縁性能に関する空欄穴・計算問題,
houki:houkir7-2-12,R07下,houki,問12,ケーブルの絶縁耐力試験に関する計算問題,
houki:houkir6-2-4,R06下,houki,問4,B種接地工事の接地抵抗値に関する計算問題,
houki:houkir6-2-12,R06下,houki,問12,Ｂ種接地工事の抵抗値及び常時流れる電流に関する計算問題,
houki:houkir6-2-13,R06下,houki,問13,受電設備の高圧電路の絶縁耐力試験に関する計算問題,
houki:houkir6-1-13,R06上,houki,問13,B種接地抵抗値及D種接地抵抗値に関する計算問題,
houki:houkir5-1-12,R05上,houki,問12,Ｂ種接地工事の抵抗値及び常時流れる電流に関する計算問題,
houki:houkir5-1-13,R05上,houki,問13,低温季に適用される風圧荷重に関する計算問題,
houki:houkir4-2-11,R4下,houki,問11,高圧架空電線の引張り強さに関する計算問題,
houki:houkir4-1-11,R4上,houki,問11,低圧電線路の絶縁耐力試験に関する計算問題,
houki:houkir3-12,R3,houki,問12,高圧ケーブルの絶縁耐力試験の電圧と変圧器容量に関する計算問題,
houki:houkir2-12,R2,houki,問12,変圧器の電路の絶縁耐力試験に関する空欄穴埋問題,
houki:houkir1-11,R01,houki,問11,電気使用場所の低圧幹線の施設に関する計算問題,
houki:houkir1-13,R01,houki,問13,B種接地工事に関する計算問題,
houki:houkih30-11,H30,houki,問11,「電気設備技術基準の解釈」に基づく風圧荷重に関する計算問題,
houki:houkih29-11,H29,houki,問11,電気使用場所の配線に関する計算問題,
houki:houkih28-12,H28,houki,問12,高圧ケーブルの交流絶縁耐力試験に関する計算問題,
houki:houkih26-11,H26,houki,問11,「電気設備技術基準の解釈」に基づく風圧荷重に関する計算問題,
houki:houkih25-13,H25,houki,問13,接地抵抗値に関する計算問題,
houki:houkih24-10,H24,houki,問10,B種接地工事の接地抵抗値に関する計算問題,
houki:houkih24-11,H24,houki,問11,高圧引込ケーブルの交流絶縁耐力試験に関する計算問題,
houki:houkih22-8,H22,houki,問8,特別高圧の電路の絶縁耐力試験に関する計算問題,
houki:houkih22-12,H22,houki,問12,B種接地抵抗値及D種接地抵抗値に関する計算問題,
houki:houkih22-13,H22,houki,問13,特別高圧架空電線路の風圧荷重に関する計算問題,
houki:houkih21-12,H21,houki,問12,支持物に設ける支線の張力と必要条数に関する計算問題,
houki:houkih19-4~2,H19,houki,問4,低圧電線路の絶縁性能に関する空欄穴・計算問題,
houki:houkih19-11,H19,houki,問11,ケーブルの絶縁耐力試験に関する計算問題,
houki:houkih18-11,H18,houki,問11,高圧配電線路の1線地絡電流とB種接地抵抗に関する計算問題,
houki:houkir7-1-5,R07上,houki,問5,風車を支持する工作物に関する空欄穴埋問題,
houki:houkir6-1-5,R06上,houki,問5,風車の安全な状態の確保に関する空欄穴埋問題,
houki:houkir4-1-8,R4上,houki,問8,風車に関する空欄穴埋問題,
houki:houkih29-5,H29,houki,問5,風車の安全な状態の確保に関する空欄穴埋問題,
houki:houkih24-4,H24,houki,問4,風車を支持する工作物に関する空欄穴埋問題,
houki:houkih20-6,H20,houki,問6,風力設備技術基準に規定されている風車に関する空欄穴埋問題,
houki:houkir7-2-10,R07下,houki,問10,高圧受電設備の単線結線図に当てはまる機器に関する空欄穴埋問題,
houki:houkir7-1-10,R07上,houki,問10,高圧交流負荷開閉器のSO動作に関する空欄穴埋問題,
houki:houkir6-2-10,R06下,houki,問10,計器用変成器のうち，変流器に関する論説問題,
houki:houkir6-1-10,R06上,houki,問10,配電用遮断器及び需要家の開閉器の役割に関する論説問題,
houki:houkir5-2-10,R05下,houki,問10,計器用変成器のうち，変流器に関する論説問題,
houki:houkir5-2-13,R05下,houki,問13,供給支障事故発生時の対応方法に関する空欄穴埋問題,
houki:houkir4-2-9,R4下,houki,問9,全停電作業を実施するときの操作手順に関する空欄穴埋問題,
houki:denryokur4-2-11,R4下,houki,問11,電力の需要と供給に関する空欄穴埋問題,
houki:houkir3-10,R3,houki,問10,高圧受電設備における保護協調に関する空欄穴埋問題,
houki:houkir2-11,R2,houki,問11,供給支障事故への対応方法に関する空欄穴埋問題,
houki:houkir1-10,R01,houki,問10,電力の需給に関する空欄穴埋問題,
houki:houkih30-10,H30,houki,問10,電力の需給に関する空欄穴埋問題,
houki:houkih27-10,H27,houki,問10,計器用変成器の変流器に関する論説問題,
houki:houkih26-8,H26,houki,問8,油入変圧器における絶縁油の劣化に関する空欄穴埋問題,
houki:houkih25-10,H25,houki,問10,高圧受電設備の単線結線図に関する空欄穴埋問題,
houki:houkih23-10,H23,houki,問10,キュービクル式高圧受電設備の主遮断装置に関する空欄穴埋問題,
houki:houkih23-13,H23,houki,問13,需要家構内における保護協調に関する計算・論説問題,
houki:houkih22-10,H22,houki,問10,配電系統の高調波の特徴と対策に関する論説問題,
houki:houkih21-9,H21,houki,問9,工場等における電気設備の運用管理に関する空欄穴埋問題,
houki:houkih19-10,H19,houki,問10,絶縁油の保守，点検のため行う試験に関する空欄穴埋問題,
houki:houkih18-9,H18,houki,問9,高圧受電設備の地絡保護協調に関する空欄穴埋問題,
houki:houkih18-10,H18,houki,問10,需要率，不等率，負荷率の式に関する空欄穴埋問題,
houki:houkir7-2-11,R07下,houki,問11,接地極の埋設深さ及び接地抵抗測定の方法に関する計算問題,
houki:houkir7-2-13,R07下,houki,問13,支線の張力と必要な素線の直径に関する計算問題,
houki:houkir7-1-11,R07上,houki,問11,流込式水力発電所の年間発電電力量と設備利用率に関する計算問題,
houki:houkir7-1-12,R07上,houki,問12,負荷設備から配電系統へ流出する第５調波電流に関する計算問題,
houki:houkir7-1-13,R07上,houki,問13,太陽電池発電所を設置した需要設備の電力需給に関する計算問題,
houki:houkir6-2-11,R06下,houki,問11,流込式水力発電所の年間可能発電電力量に関する計算問題,
houki:houkir6-1-11,R06上,houki,問11,力率改善に伴う電圧降下の変化に関する計算問題,
houki:houkir6-1-12,R06上,houki,問12,コンデンサ設備接続による力率改善に関する計算問題,
houki:houkir5-2-11,R05下,houki,問11,需要設備付近で発生した１線地絡事故に関する計算問題,
houki:houkir5-2-12,R05下,houki,問12,コンデンサ設備接続による力率改善に関する計算問題,
houki:houkir5-1-10,R05上,houki,問10,最大需要電力を押えるためのファンの停止台数に関する計算問題,
houki:houkir5-1-11,R05上,houki,問11,２つの工場を合わせた需要率及び総合負荷率に関する計算問題,
houki:houkir4-2-12,R4下,houki,問12,変圧器更新による損失の変化に関する計算問題,
houki:houkir4-2-13,R4下,houki,問13,配電線路の絶縁抵抗の低下に関する計算問題,
houki:houkir4-1-10,R4上,houki,問10,過電流継電器と真空遮断器の連動動作試験に関する計算問題,
houki:houkir4-1-12,R4上,houki,問12,需要率からの変圧器設置台数及び消費電力量の導出に関する計算問題,
houki:houkir4-1-13,R4上,houki,問13,調整池式水力発電所の貯水量及び発電電力に関する計算問題,
houki:houkir3-11,R3,houki,問11,支線に生じる引張荷重と支線の必要条数に関する計算問題,
houki:houkir3-13,R3,houki,問13,需要家の需要率，不等率，負荷率に関する計算問題,
houki:houkir2-13,R2,houki,問13,高調波発生機器から発生する第５次高調波電流に関する計算問題,
houki:houkir1-12,R01,houki,問12,高圧配電線路の力率改善とその容量に関する計算問題,
houki:houkih30-12,H30,houki,問12,送電線の電圧降下に関する計算問題,
houki:houkih30-13,H30,houki,問13,変圧器の損失電力及び全日効率に関する計算問題,
houki:houkih29-12,H29,houki,問12,自家用電気設備での三相短絡事故に関する計算問題,
houki:houkih29-13,H29,houki,問13,水力発電所の発電電力量に関する計算問題,
houki:houkih28-13,H28,houki,問13,高圧地絡システムに関する計算問題,
houki:houkih27-11,H27,houki,問11,架空電線路の施設に関する計算問題,
houki:houkih27-12,H27,houki,問12,電線の許容電流に関する計算問題,
houki:houkih27-13,H27,houki,問13,三相交流の容量及び消費電力に関する計算問題,
houki:houkih26-12,H26,houki,問12,需要率及び負荷率に関する計算問題,
houki:houkih26-13,H26,houki,問13,百分率インピーダンスの諸計算に関する計算問題,
houki:houkih25-11,H25,houki,問11,高圧進相コンデンサの劣化診断に関する計算問題,
houki:houkih25-12,H25,houki,問12,太陽電池による発電電力と日負荷曲線に関する計算問題,
houki:houkih24-12,H24,houki,問12,工場の力率改善に関する計算問題,
houki:houkih24-13,H24,houki,問13,調整池水力発電所の運転管理に関する計算問題,
houki:houkih23-11,H23,houki,問11,変圧器の全日効率や日負荷率に関する計算問題,
houki:houkih23-12,H23,houki,問12,日負荷曲線からの不等率及び力率の導出に関する計算問題,
houki:houkih23-13~2,H23,houki,問13,需要家構内における保護協調に関する計算・論説問題,
houki:houkih22-11,H22,houki,問11,自家用電気施設の過電流継電器の整定に関する計算問題,
houki:houkih21-11,H21,houki,問11,一線地絡事故発生時の接地線に流れる電流に関する計算問題,
houki:houkih21-13,H21,houki,問13,低圧幹線に施設する配電用遮断器に関する計算問題,
houki:houkih20-11,H20,houki,問11,送電線の許容引張荷重と電線の弛度に関する計算問題,
houki:houkih20-12,H20,houki,問12,複数の需要家に電力を供給する変電所の最大電力に関する計算問題,
houki:houkih20-13,H20,houki,問13,系統に接続している水力発電所の運用に関する計算問題,
houki:houkih19-12,H19,houki,問12,日負荷曲線からの変圧器の全日効率の導出に関する計算問題,
houki:houkih19-13,H19,houki,問13,設置すべき変圧器のバンク容量と年間消費電力量に関する計算問題,
houki:houkih18-12,H18,houki,問12,負荷を追加しコンデンサを設置した際の電力演算に関する計算問題,
houki:houkih18-13,H18,houki,問13,負荷設備から配電系統へ流出する第５調波電流に関する計算問題,
